"year","month","cases","fts","ftsp","ftc","fs1","fs2","fs3","age24","age2554","age55","male","female","moa035","moa3659","moa60"
2003,3,197528,150933,14431,32164,150933,29200,17395,12192,127805,57531,103256,94272,42822,30384,124322
2003,6,198828,152097,14706,32025,152097,29299,17432,12694,128839,57295,103891,94930,43520,29651,125657
2003,9,199739,153014,14824,31901,153014,29335,17390,12880,129343,57516,104276,95458,43855,29550,126334
2003,12,201160,154314,14983,31863,154314,29409,17437,13173,130491,57496,105088,96068,44740,29129,127291
2004,3,202241,155361,15214,31666,155361,29377,17503,13545,131278,57418,105502,96735,45609,28970,127662
2004,6,204457,157114,15621,31722,157114,29676,17667,13869,132802,57786,106666,97787,46810,28804,128843
2004,9,206028,158640,15771,31617,158640,29658,17730,14250,133733,58045,107551,98473,47883,27922,130223
2004,12,206884,159329,15921,31634,159329,29744,17811,14337,134524,58023,107978,98902,48707,27271,130906
2005,3,208070,160428,16128,31514,160428,29843,17799,14560,135402,58108,108646,99420,49617,26776,131677
2005,6,210075,162159,16342,31574,162159,29985,17931,14978,136633,58464,109680,100394,50670,27017,132388
2005,9,211886,163814,16487,31585,163814,30067,18005,15349,137629,58908,110669,101216,51412,27549,132925
2005,12,213494,165140,16728,31626,165140,30232,18122,15580,138869,59045,111521,101972,51588,28558,133348
2006,3,215268,166642,17010,31616,166642,30342,18284,16008,139972,59288,112431,102836,52544,28954,133770
2006,6,217622,168628,17339,31655,168628,30555,18439,16465,141395,59762,113626,103995,53201,29763,134658
2006,9,220599,171222,17661,31716,171222,30722,18655,16976,143132,60491,115186,105413,54644,30871,135084
2006,12,224652,174272,18132,32248,174272,31294,19086,17414,145769,61469,117173,107479,57190,31884,135578
2007,3,228885,177306,18749,32830,177306,31899,19680,17875,148440,62570,119260,109625,59752,32971,136162
2007,6,232451,179955,19244,33252,179955,32320,20176,18216,150555,63680,121203,111248,61191,33881,137379
2007,9,235222,182125,19518,33579,182125,32692,20405,18475,152182,64565,122657,112565,62224,34279,138719
2007,12,238034,184366,19818,33850,184366,32952,20716,18765,153687,65582,124102,113932,62855,34572,140607
2008,3,240657,186394,20198,34065,186394,33216,21047,19159,155139,66359,125477,115180,63724,35016,141917
2008,6,243845,188870,20634,34341,188870,33551,21424,19447,157032,67366,127193,116652,64771,35280,143794
2008,9,246769,191192,20961,34616,191192,34041,21536,19781,158519,68469,128690,118079,64987,36144,145638
2008,12,250140,193730,21228,35182,193730,34505,21905,20165,160256,69719,130425,119715,65210,37710,147220
2009,3,253359,196088,21569,35702,196088,34965,22306,20660,161823,70876,132207,121152,66147,38207,149005
2009,6,257175,198921,22073,36181,198921,35429,22825,21145,163864,72166,134265,122910,67274,38758,151143
2009,9,260745,201656,22438,36651,201656,35846,23243,21610,165806,73329,136229,124516,68377,39475,152893
2009,12,264862,204636,22821,37405,204636,36488,23738,22100,168049,74713,138411,126451,69712,40247,154903
2010,3,268860,207747,23296,37817,207747,37013,24100,22653,170362,75845,140789,128071,71225,41001,156634
2010,6,272677,210670,23787,38220,210670,37485,24522,23042,172358,77277,142901,129776,71962,41990,158725
2010,9,275980,213394,24034,38552,213394,37784,24802,23534,174003,78443,144748,131232,72744,41921,161315
2010,12,279111,215742,24350,39019,215742,38284,25085,23835,175547,79729,146438,132673,73096,41868,164147
2011,3,281946,217968,24696,39282,217968,38592,25386,24208,176774,80964,147915,134031,73251,42294,166401
2011,6,285781,220944,25157,39680,220944,38965,25872,24624,178731,82426,150073,135708,73881,42897,169003
2011,9,289486,223914,25456,40116,223914,39426,26146,25005,180655,83826,152232,137254,75103,43301,171082
2011,12,292830,226719,25608,40503,226719,39709,26402,25540,182334,84956,154179,138651,75841,43616,173373
2012,3,295943,229035,26002,40906,229035,40110,26798,26041,184110,85792,155840,140103,76199,44327,175417
2012,6,299003,231616,26330,41057,231616,40234,27153,26463,185649,86891,157594,141409,75919,45158,177926
2012,9,302592,234654,26566,41372,234654,40650,27288,26824,187526,88242,159621,142971,76695,45930,179967
2012,12,305053,236710,26745,41598,236710,40902,27441,27151,188669,89233,161063,143990,76002,46979,182072
2013,3,307910,238894,26984,42032,238894,41221,27795,27620,190047,90243,162716,145194,75531,48036,184343
2013,6,310605,241120,27305,42180,241120,41370,28115,28178,191154,91273,164290,146315,74997,49090,186518
2013,9,313562,243704,27368,42490,243704,41632,28226,28501,192472,92589,166053,147509,74625,50041,188896
2013,12,316470,246180,27454,42836,246180,41949,28341,28892,193692,93886,167715,148755,74490,50774,191206
2014,3,318744,248120,27591,43033,248120,42052,28572,29211,194614,94919,169055,149689,73878,51012,193854
2014,6,321379,250255,27895,43229,250255,42270,28854,29596,195698,96085,170643,150736,73656,50980,196743
2014,9,324641,253174,27952,43515,253174,42421,29046,29937,197099,97605,172515,152126,73696,51499,199446
2014,12,331649,258266,29346,44037,258266,43194,30189,30610,201929,99110,175768,155881,75318,48924,207407
2015,3,332563,259257,29423,43883,259257,43069,30237,30429,201459,100675,176369,156194,72821,48730,211012
2015,6,333586,260389,29606,43591,260389,43023,30174,30368,201221,101997,177054,156532,70411,48582,214593
2015,9,336237,262845,29507,43885,262845,43169,30223,30497,201802,103938,178689,157548,69079,48443,218715
2015,12,338163,264729,29470,43964,264729,43280,30154,30500,201820,105843,179945,158218,67496,48308,222359
2016,3,339003,265798,29320,43885,265798,43266,29939,30247,201379,107377,180711,158292,64378,48174,226451
2016,6,342181,268500,29615,44066,268500,43527,30154,30426,202648,109107,182420,159761,64994,47800,229387
2016,9,346014,272002,29768,44244,272002,43663,30349,30760,204076,111178,184614,161400,67336,46162,232516
2016,12,349490,274960,29909,44621,274960,43866,30664,31025,205483,112982,186480,163010,69750,44479,235261
2017,3,353183,277693,30459,45031,277693,44288,31202,31352,207233,114598,188441,164742,72961,42597,237625
2017,6,356097,279947,30939,45211,279947,44465,31685,31641,208487,115969,190013,166084,75595,40463,240039
2017,9,358988,282540,31204,45244,282540,44618,31830,31860,209513,117615,191573,167415,79358,37569,242061
2017,12,362276,285314,31490,45472,285314,44862,32100,32051,210898,119327,193285,168991,84159,33997,244120
2018,3,364873,287062,31889,45922,287062,45224,32587,32163,212131,120579,194640,170233,85239,34231,245403
2018,6,367894,289482,32404,46008,289482,45322,33090,32327,213388,122179,196093,171801,86765,34694,246435
2018,9,369546,291070,32890,45586,291070,45254,33222,32319,213744,123483,196888,172658,87231,35654,246661
2018,12,371753,292852,33191,45710,292852,45524,33377,32355,214566,124832,197974,173779,87671,37023,247059
2019,3,375509,295541,33545,46423,295541,45968,34000,32712,216709,126088,199895,175614,87586,39614,248309
2019,6,375475,296097,33817,45561,296097,45642,33736,32386,216085,127004,199715,175760,86391,41282,247802
2019,9,377603,297918,34136,45549,297918,45682,34003,32512,217028,128063,200860,176743,85302,45018,247283
2019,12,379015,299157,34251,45607,299157,45791,34067,32354,217762,128899,201551,177464,84456,48616,245943
2020,3,381192,300981,34364,45847,300981,45999,34212,32494,219279,129419,202688,178504,83296,49765,248131
2020,6,380006,300410,34643,44953,300410,45458,34138,31786,218590,129630,202015,177991,80533,50216,249257
2020,9,379954,300507,34665,44782,300507,45268,34179,31170,218892,129892,201861,178093,76727,51728,251499
2020,12,377393,298813,34596,43984,298813,44736,33844,30583,217306,129504,200431,176962,72656,52645,252092
2021,3,375609,297839,34492,43278,297839,44167,33603,30223,216383,129003,199461,176148,69449,52543,253617
2021,6,373955,296972,34359,42624,296972,43706,33277,30012,215390,128553,198459,175496,65008,53881,255066
2021,9,372545,296441,34209,41895,296441,43251,32853,29656,214503,128386,197579,174966,61859,53328,257358
2021,12,371306,295872,33838,41596,295872,43099,32335,29363,213943,128000,196882,174424,59446,52754,259106
2022,3,370188,295753,33315,41120,295753,42723,31712,29287,213542,127359,196316,173872,57400,51596,261192
2022,6,369458,295804,33108,40546,295804,42216,31438,28970,213314,127174,195785,173673,55959,50420,263079
2022,9,368781,295908,32915,39958,295908,41871,31002,28747,213029,127005,195424,173357,54416,48992,265373
2022,12,368718,296207,32848,39663,296207,41603,30908,28749,212943,127026,195378,173340,53739,47763,267216
2023,3,368176,296123,32770,39283,296123,41236,30817,28939,213039,126198,195118,173058,53722,46195,268259
2023,6,368334,296491,32948,38895,296491,41051,30792,29003,213305,126026,195040,173294,54410,43133,270791
2023,9,368676,297336,32913,38427,297336,40808,30532,29139,213359,126178,195162,173514,56447,39956,272273
2023,12,368247,297216,32934,38097,297216,40598,30433,29192,213451,125604,194829,173418,58202,37508,272537
2024,3,368855,297810,33131,37914,297810,40524,30521,29423,214412,125020,195035,173820,60543,35495,272817
2024,6,369354,298738,33303,37313,298738,40176,30440,29774,214702,124878,195250,174104,63323,33843,272188
2024,9,371732,300591,33658,37483,300591,40442,30699,29897,216617,125218,196483,175249,65570,32105,274057
2024,12,373758,302054,34017,37687,302054,40710,30994,30120,218366,125272,197640,176118,68686,30333,274739
2025,3,375415,303369,34163,37883,303369,40867,31179,30321,220227,124867,198382,177033,70301,29741,275373
2025,6,373989,302806,34229,36954,302806,40319,30864,30430,219137,124422,197618,176371,72160,29213,272616
2025,9,376869,305011,34445,37413,305011,40695,31163,30716,221308,124845,199019,177850,74097,30210,272562
2025,12,378389,306258,34515,37616,306258,40774,31357,31067,222817,124505,199846,178543,74375,31795,272219
2026,3,379726.006163817,307773.15912868,34502.258839662,37450.5881954748,307773.15912868,40604.0796415596,31348.7673935772,31810.1318990183,224036.001786451,123879.872478348,200674.544843906,179051.461319911,75824.9061925162,32818.9289087465,271082.171062555
