"year","board_number","board_name","board_type","grade_9_enrolment","grade_10_enrolment","grade_11_enrolment","grade_12_enrolment","total_enrolment"
"2011-2012","B28010","Algoma DSB","Pub Dist Sch Brd (E/F)",868,882,953,1525,4228
"2011-2012","B67202","Algonquin and Lakeshore CDSB","Cath Dist Sch Brd (E/F)",861,951,1224,1423,4459
"2011-2012","B66010","Avon Maitland DSB","Pub Dist Sch Brd (E/F)",1299,1435,1543,2237,6514
"2011-2012","B66001","Bluewater DSB","Pub Dist Sch Brd (E/F)",1281,1329,1386,2358,6354
"2011-2012","B67164","Brant Haldimand Norfolk CDSB","Cath Dist Sch Brd (E/F)",864,891,946,1278,3979
"2011-2012","B67008","Bruce-Grey CDSB","Cath Dist Sch Brd (E/F)",274,312,280,497,1363
"2011-2012","B67172","CDSB of Eastern Ontario","Cath Dist Sch Brd (E/F)",1095,1124,1156,1461,4836
"2011-2012","B66311","CÉP de l'Est de l'Ontario","Pub Dist Sch Brd (E/F)",828,867,947,1343,3985
"2011-2012","B66303","CS Viamonde","Pub Dist Sch Brd (E/F)",396,388,391,416,1591
"2011-2012","B67300","CSD des écoles catholiques du Sud-Ouest","Cath Dist Sch Brd (E/F)",421,360,386,420,1587
"2011-2012","B28118","CSD du Grand Nord de l'Ontario","Pub Dist Sch Brd (E/F)",116,165,201,267,749
"2011-2012","B28100","CSD du Nord-Est de l'Ontario","Pub Dist Sch Brd (E/F)",108,90,104,151,453
"2011-2012","B67318","CSDC Centre-Sud","Cath Dist Sch Brd (E/F)",722,747,669,711,2849
"2011-2012","B67326","CSDC de l'Est ontarien","Cath Dist Sch Brd (E/F)",795,838,871,1064,3568
"2011-2012","B29130","CSDC des Aurores boréales","Cath Dist Sch Brd (E/F)",23,14,29,17,83
"2011-2012","B29106","CSDC des Grandes Rivières","Cath Dist Sch Brd (E/F)",529,500,563,605,2197
"2011-2012","B67334","CSDC du Centre-Est de l'Ontario","Cath Dist Sch Brd (E/F)",1209,1199,1153,1131,4692
"2011-2012","B29122","CSDC du Nouvel-Ontario","Cath Dist Sch Brd (E/F)",488,527,461,544,2020
"2011-2012","B29114","CSDC Franco-Nord","Cath Dist Sch Brd (E/F)",201,216,231,345,993
"2011-2012","B66150","DSB Niagara","Pub Dist Sch Brd (E/F)",2717,3024,3334,5091,14166
"2011-2012","B28002","DSB Ontario North East","Pub Dist Sch Brd (E/F)",741,763,782,1343,3629
"2011-2012","B67083","Dufferin-Peel CDSB","Cath Dist Sch Brd (E/F)",7720,8064,8545,10094,34423
"2011-2012","B67105","Durham CDSB","Cath Dist Sch Brd (E/F)",1832,1996,2034,2587,8449
"2011-2012","B66060","Durham DSB","Pub Dist Sch Brd (E/F)",5167,5270,5812,7258,23507
"2011-2012","B66168","Grand Erie DSB","Pub Dist Sch Brd (E/F)",2071,2279,2301,3502,10153
"2011-2012","B66028","Greater Essex County DSB","Pub Dist Sch Brd (E/F)",2858,2827,2942,4028,12655
"2011-2012","B67113","Halton CDSB","Cath Dist Sch Brd (E/F)",2355,2308,2389,3129,10181
"2011-2012","B66133","Halton DSB","Pub Dist Sch Brd (E/F)",4050,4181,4136,6396,18763
"2011-2012","B67121","Hamilton-Wentworth CDSB","Cath Dist Sch Brd (E/F)",2335,2335,2408,4135,11213
"2011-2012","B66141","Hamilton-Wentworth DSB","Pub Dist Sch Brd (E/F)",3642,3790,3875,6101,17408
"2011-2012","B66222","Hastings & Prince Edward DSB","Pub Dist Sch Brd (E/F)",1232,1282,1490,1999,6003
"2011-2012","B67016","Huron Perth CDSB","Cath Dist Sch Brd (E/F)",297,305,374,472,1448
"2011-2012","B29025","Huron-Superior CDSB","Cath Dist Sch Brd (E/F)",400,313,348,467,1528
"2011-2012","B15148","James Bay Lowlands SSB","Sec Sch Brd (Sch Auth)",41,68,47,29,185
"2011-2012","B66079","Kawartha Pine Ridge DSB","Pub Dist Sch Brd (E/F)",2449,2731,2973,4637,12790
"2011-2012","B28045","Keewatin-Patricia DSB","Pub Dist Sch Brd (E/F)",463,554,573,802,2392
"2011-2012","B29050","Kenora CDSB","Cath Dist Sch Brd (E/F)",112,96,87,103,398
"2011-2012","B28061","Lakehead DSB","Pub Dist Sch Brd (E/F)",734,915,922,1258,3829
"2011-2012","B66036","Lambton Kent DSB","Pub Dist Sch Brd (E/F)",1890,1937,2046,2960,8833
"2011-2012","B66206","Limestone DSB","Pub Dist Sch Brd (E/F)",1439,1651,1767,3302,8159
"2011-2012","B67032","London District Catholic School Board","Cath Dist Sch Brd (E/F)",1701,1835,1961,2715,8212
"2011-2012","B28037","Near North DSB","Pub Dist Sch Brd (E/F)",894,902,966,1347,4109
"2011-2012","B67156","Niagara CDSB","Cath Dist Sch Brd (E/F)",1790,1861,2067,2479,8197
"2011-2012","B29017","Nipissing-Parry Sound CDSB","Cath Dist Sch Brd (E/F)",178,199,252,302,931
"2011-2012","B29009","Northeastern CDSB","Cath Dist Sch Brd (E/F)",87,118,100,151,456
"2011-2012","B67180","Ottawa CDSB","Cath Dist Sch Brd (E/F)",3235,3365,3856,4383,14839
"2011-2012","B66184","Ottawa-Carleton DSB","Pub Dist Sch Brd (E/F)",5365,5437,5763,8486,25051
"2011-2012","B66125","Peel DSB","Pub Dist Sch Brd (E/F)",12516,11396,11689,9997,45598
"2011-2012","B67067","Peterborough Victoria Northumberland and Clarington CDSB","Cath Dist Sch Brd (E/F)",1166,1245,1205,1516,5132
"2011-2012","B28029","Rainbow DSB","Pub Dist Sch Brd (E/F)",1181,1181,1284,1963,5609
"2011-2012","B28053","Rainy River DSB","Pub Dist Sch Brd (E/F)",268,264,275,420,1227
"2011-2012","B67199","Renfrew County CDSB","Cath Dist Sch Brd (E/F)",218,258,270,355,1101
"2011-2012","B66214","Renfrew County DSB","Pub Dist Sch Brd (E/F)",810,870,991,1389,4060
"2011-2012","B66109","Simcoe County DSB","Pub Dist Sch Brd (E/F)",3814,3932,4167,6181,18094
"2011-2012","B67091","Simcoe Muskoka CDSB","Cath Dist Sch Brd (E/F)",1797,1960,1915,2350,8022
"2011-2012","B67040","St Clair CDSB","Cath Dist Sch Brd (E/F)",649,666,705,942,2962
"2011-2012","B29033","Sudbury CDSB","Cath Dist Sch Brd (E/F)",552,523,501,661,2237
"2011-2012","B28070","Superior-Greenstone DSB","Pub Dist Sch Brd (E/F)",215,181,205,300,901
"2011-2012","B66044","Thames Valley DSB","Pub Dist Sch Brd (E/F)",5496,5528,5923,8978,25925
"2011-2012","B29068","Thunder Bay CDSB","Cath Dist Sch Brd (E/F)",593,616,622,717,2548
"2011-2012","B67059","Toronto CDSB","Cath Dist Sch Brd (E/F)",7171,7083,7520,9360,31134
"2011-2012","B66052","Toronto DSB","Pub Dist Sch Brd (E/F)",17859,19280,20424,28422,85985
"2011-2012","B66087","Trillium Lakelands DSB","Pub Dist Sch Brd (E/F)",1491,1449,1798,2310,7048
"2011-2012","B66192","Upper Canada DSB","Pub Dist Sch Brd (E/F)",2237,2343,2613,4853,12046
"2011-2012","B66117","Upper Grand DSB","Pub Dist Sch Brd (E/F)",2809,2638,2752,4051,12250
"2011-2012","B67148","Waterloo CDSB","Cath Dist Sch Brd (E/F)",1485,1665,1659,2409,7218
"2011-2012","B66176","Waterloo Region DSB","Pub Dist Sch Brd (E/F)",4564,4800,4932,7185,21481
"2011-2012","B67130","Wellington CDSB","Cath Dist Sch Brd (E/F)",565,643,636,825,2669
"2011-2012","B67024","Windsor-Essex CDSB","Cath Dist Sch Brd (E/F)",1889,2031,2284,2599,8803
"2011-2012","B67075","York CDSB","Cath Dist Sch Brd (E/F)",4498,4474,4545,5013,18530
"2011-2012","B66095","York Region DSB","Pub Dist Sch Brd (E/F)",8730,9236,9726,12822,40514
"2012-2013","B28010","Algoma DSB","Pub Dist Sch Brd (E/F)",804,851,893,1464,4012
"2012-2013","B67202","Algonquin and Lakeshore CDSB","Cath Dist Sch Brd (E/F)",912,848,1133,1464,4357
"2012-2013","B66010","Avon Maitland DSB","Pub Dist Sch Brd (E/F)",1366,1326,1460,2227,6379
"2012-2013","B66001","Bluewater DSB","Pub Dist Sch Brd (E/F)",1278,1284,1319,2169,6050
"2012-2013","B67164","Brant Haldimand Norfolk CDSB","Cath Dist Sch Brd (E/F)",795,840,861,1232,3728
"2012-2013","B67008","Bruce-Grey CDSB","Cath Dist Sch Brd (E/F)",298,269,307,434,1308
"2012-2013","B67172","CDSB of Eastern Ontario","Cath Dist Sch Brd (E/F)",1098,1052,1081,1406,4637
"2012-2013","B66311","CÉP de l'Est de l'Ontario","Pub Dist Sch Brd (E/F)",860,967,924,1196,3947
"2012-2013","B67300","Conseil scolaire catholique Providence","Cath Dist Sch Brd (E/F)",364,404,360,452,1580
"2012-2013","B66303","CS Viamonde","Pub Dist Sch Brd (E/F)",418,383,385,438,1624
"2012-2013","B28118","CSD du Grand Nord de l'Ontario","Pub Dist Sch Brd (E/F)",136,136,165,268,705
"2012-2013","B28100","CSD du Nord-Est de l'Ontario","Pub Dist Sch Brd (E/F)",94,99,90,167,450
"2012-2013","B67318","CSDC Centre-Sud","Cath Dist Sch Brd (E/F)",741,680,712,728,2861
"2012-2013","B67326","CSDC de l'Est ontarien","Cath Dist Sch Brd (E/F)",759,786,827,1082,3454
"2012-2013","B29130","CSDC des Aurores boréales","Cath Dist Sch Brd (E/F)",33,22,16,28,99
"2012-2013","B29106","CSDC des Grandes Rivières","Cath Dist Sch Brd (E/F)",498,515,496,608,2117
"2012-2013","B67334","CSDC du Centre-Est de l'Ontario","Cath Dist Sch Brd (E/F)",1256,1181,1171,1157,4765
"2012-2013","B29122","CSDC du Nouvel-Ontario","Cath Dist Sch Brd (E/F)",459,474,506,497,1936
"2012-2013","B29114","CSDC Franco-Nord","Cath Dist Sch Brd (E/F)",223,204,214,302,943
"2012-2013","B66150","DSB Niagara","Pub Dist Sch Brd (E/F)",2842,2762,3093,4923,13620
"2012-2013","B28002","DSB Ontario North East","Pub Dist Sch Brd (E/F)",694,775,786,1233,3488
"2012-2013","B67083","Dufferin-Peel CDSB","Cath Dist Sch Brd (E/F)",7633,7826,8219,10493,34171
"2012-2013","B67105","Durham CDSB","Cath Dist Sch Brd (E/F)",1681,1876,2001,2607,8165
"2012-2013","B66060","Durham DSB","Pub Dist Sch Brd (E/F)",5120,5216,5288,7568,23192
"2012-2013","B66168","Grand Erie DSB","Pub Dist Sch Brd (E/F)",2049,2159,2268,3514,9990
"2012-2013","B66028","Greater Essex County DSB","Pub Dist Sch Brd (E/F)",2915,2753,2908,3975,12551
"2012-2013","B67113","Halton CDSB","Cath Dist Sch Brd (E/F)",2410,2353,2353,3170,10286
"2012-2013","B66133","Halton DSB","Pub Dist Sch Brd (E/F)",4064,4147,4239,6425,18875
"2012-2013","B67121","Hamilton-Wentworth CDSB","Cath Dist Sch Brd (E/F)",2298,2349,2301,4234,11182
"2012-2013","B66141","Hamilton-Wentworth DSB","Pub Dist Sch Brd (E/F)",3617,3651,3800,5904,16972
"2012-2013","B66222","Hastings & Prince Edward DSB","Pub Dist Sch Brd (E/F)",1189,1276,1318,1962,5745
"2012-2013","B67016","Huron Perth CDSB","Cath Dist Sch Brd (E/F)",328,300,306,485,1419
"2012-2013","B29025","Huron-Superior CDSB","Cath Dist Sch Brd (E/F)",360,348,298,481,1487
"2012-2013","B15148","James Bay Lowlands SSB","Sec Sch Brd (Sch Auth)",48,69,53,34,204
"2012-2013","B66079","Kawartha Pine Ridge DSB","Pub Dist Sch Brd (E/F)",2506,2484,2753,4539,12282
"2012-2013","B28045","Keewatin-Patricia DSB","Pub Dist Sch Brd (E/F)",462,482,558,826,2328
"2012-2013","B29050","Kenora CDSB","Cath Dist Sch Brd (E/F)",113,103,88,117,421
"2012-2013","B28061","Lakehead DSB","Pub Dist Sch Brd (E/F)",795,736,897,1193,3621
"2012-2013","B66036","Lambton Kent DSB","Pub Dist Sch Brd (E/F)",1869,1937,1937,2853,8596
"2012-2013","B66206","Limestone DSB","Pub Dist Sch Brd (E/F)",1491,1469,1671,3247,7878
"2012-2013","B67032","London District Catholic School Board","Cath Dist Sch Brd (E/F)",1548,1692,1800,2583,7623
"2012-2013","B28037","Near North DSB","Pub Dist Sch Brd (E/F)",843,872,884,1322,3921
"2012-2013","B67156","Niagara CDSB","Cath Dist Sch Brd (E/F)",1843,1762,1832,2538,7975
"2012-2013","B29017","Nipissing-Parry Sound CDSB","Cath Dist Sch Brd (E/F)",229,171,191,312,903
"2012-2013","B29009","Northeastern CDSB","Cath Dist Sch Brd (E/F)",105,88,108,160,461
"2012-2013","B67180","Ottawa CDSB","Cath Dist Sch Brd (E/F)",3140,3472,3576,4511,14699
"2012-2013","B66184","Ottawa-Carleton DSB","Pub Dist Sch Brd (E/F)",5348,5422,5615,8359,24744
"2012-2013","B66125","Peel DSB","Pub Dist Sch Brd (E/F)",11803,11523,11871,9967,45164
"2012-2013","B67067","Peterborough Victoria Northumberland and Clarington CDSB","Cath Dist Sch Brd (E/F)",1150,1147,1193,1457,4947
"2012-2013","B28029","Rainbow DSB","Pub Dist Sch Brd (E/F)",1070,1217,1206,1956,5449
"2012-2013","B28053","Rainy River DSB","Pub Dist Sch Brd (E/F)",267,265,256,422,1210
"2012-2013","B67199","Renfrew County CDSB","Cath Dist Sch Brd (E/F)",260,231,255,365,1111
"2012-2013","B66214","Renfrew County DSB","Pub Dist Sch Brd (E/F)",798,814,943,1312,3867
"2012-2013","B66109","Simcoe County DSB","Pub Dist Sch Brd (E/F)",3775,3852,3997,5772,17396
"2012-2013","B67091","Simcoe Muskoka CDSB","Cath Dist Sch Brd (E/F)",1694,1756,1906,2371,7727
"2012-2013","B67040","St Clair CDSB","Cath Dist Sch Brd (E/F)",610,631,648,927,2816
"2012-2013","B29033","Sudbury CDSB","Cath Dist Sch Brd (E/F)",542,538,494,596,2170
"2012-2013","B28070","Superior-Greenstone DSB","Pub Dist Sch Brd (E/F)",209,215,174,284,882
"2012-2013","B66044","Thames Valley DSB","Pub Dist Sch Brd (E/F)",5440,5504,5546,8941,25431
"2012-2013","B29068","Thunder Bay CDSB","Cath Dist Sch Brd (E/F)",595,586,596,715,2492
"2012-2013","B67059","Toronto CDSB","Cath Dist Sch Brd (E/F)",6961,7252,7147,9572,30932
"2012-2013","B66052","Toronto DSB","Pub Dist Sch Brd (E/F)",17416,18315,19674,28129,83534
"2012-2013","B66087","Trillium Lakelands DSB","Pub Dist Sch Brd (E/F)",1380,1540,1644,2243,6807
"2012-2013","B66192","Upper Canada DSB","Pub Dist Sch Brd (E/F)",2095,2240,2407,4558,11300
"2012-2013","B66117","Upper Grand DSB","Pub Dist Sch Brd (E/F)",2670,2626,2684,4154,12134
"2012-2013","B67148","Waterloo CDSB","Cath Dist Sch Brd (E/F)",1572,1492,1678,2242,6984
"2012-2013","B66176","Waterloo Region DSB","Pub Dist Sch Brd (E/F)",4560,4671,4845,7263,21339
"2012-2013","B67130","Wellington CDSB","Cath Dist Sch Brd (E/F)",587,548,635,835,2605
"2012-2013","B67024","Windsor-Essex CDSB","Cath Dist Sch Brd (E/F)",1847,1933,2038,2613,8431
"2012-2013","B67075","York CDSB","Cath Dist Sch Brd (E/F)",4399,4589,4502,4950,18440
"2012-2013","B66095","York Region DSB","Pub Dist Sch Brd (E/F)",8565,9002,9510,12601,39678
"2013-2014","B28010","Algoma DSB","Pub Dist Sch Brd (E/F)",805,784,843,1337,3769
"2013-2014","B67202","Algonquin and Lakeshore CDSB","Cath Dist Sch Brd (E/F)",926,911,1059,1294,4190
"2013-2014","B66010","Avon Maitland DSB","Pub Dist Sch Brd (E/F)",1207,1360,1427,2136,6130
"2013-2014","B66001","Bluewater DSB","Pub Dist Sch Brd (E/F)",1069,1269,1280,1905,5523
"2013-2014","B67164","Brant Haldimand Norfolk CDSB","Cath Dist Sch Brd (E/F)",811,792,833,1076,3512
"2013-2014","B67008","Bruce-Grey CDSB","Cath Dist Sch Brd (E/F)",347,308,276,423,1354
"2013-2014","B67172","CDSB of Eastern Ontario","Cath Dist Sch Brd (E/F)",1017,1122,1043,1214,4396
"2013-2014","B66311","CÉP de l'Est de l'Ontario","Pub Dist Sch Brd (E/F)",915,887,981,1029,3812
"2013-2014","B67300","Conseil scolaire catholique Providence","Cath Dist Sch Brd (E/F)",441,359,421,378,1599
"2013-2014","B66303","CS Viamonde","Pub Dist Sch Brd (E/F)",423,434,384,431,1672
"2013-2014","B28118","CSD du Grand Nord de l'Ontario","Pub Dist Sch Brd (E/F)",138,136,148,239,661
"2013-2014","B28100","CSD du Nord-Est de l'Ontario","Pub Dist Sch Brd (E/F)",122,83,118,186,509
"2013-2014","B67318","CSDC Centre-Sud","Cath Dist Sch Brd (E/F)",836,724,678,753,2991
"2013-2014","B67326","CSDC de l'Est ontarien","Cath Dist Sch Brd (E/F)",780,759,792,953,3284
"2013-2014","B29130","CSDC des Aurores boréales","Cath Dist Sch Brd (E/F)",41,29,23,13,106
"2013-2014","B29106","CSDC des Grandes Rivières","Cath Dist Sch Brd (E/F)",494,497,515,549,2055
"2013-2014","B67334","CSDC du Centre-Est de l'Ontario","Cath Dist Sch Brd (E/F)",1253,1247,1177,1168,4845
"2013-2014","B29122","CSDC du Nouvel-Ontario","Cath Dist Sch Brd (E/F)",405,446,447,514,1812
"2013-2014","B29114","CSDC Franco-Nord","Cath Dist Sch Brd (E/F)",204,224,200,252,880
"2013-2014","B66150","DSB Niagara","Pub Dist Sch Brd (E/F)",2676,2898,2803,4583,12960
"2013-2014","B28002","DSB Ontario North East","Pub Dist Sch Brd (E/F)",615,730,742,1196,3283
"2013-2014","B67083","Dufferin-Peel CDSB","Cath Dist Sch Brd (E/F)",7700,7828,7923,9900,33351
"2013-2014","B67105","Durham CDSB","Cath Dist Sch Brd (E/F)",1698,1674,1890,2472,7734
"2013-2014","B66060","Durham DSB","Pub Dist Sch Brd (E/F)",5123,5167,5233,6836,22359
"2013-2014","B66168","Grand Erie DSB","Pub Dist Sch Brd (E/F)",2004,2105,2133,3534,9776
"2013-2014","B66028","Greater Essex County DSB","Pub Dist Sch Brd (E/F)",2788,2772,2773,3726,12059
"2013-2014","B67113","Halton CDSB","Cath Dist Sch Brd (E/F)",2457,2436,2402,3052,10347
"2013-2014","B66133","Halton DSB","Pub Dist Sch Brd (E/F)",4151,4092,4219,6208,18670
"2013-2014","B67121","Hamilton-Wentworth CDSB","Cath Dist Sch Brd (E/F)",2305,2307,2312,4051,10975
"2013-2014","B66141","Hamilton-Wentworth DSB","Pub Dist Sch Brd (E/F)",3385,3649,3705,5566,16305
"2013-2014","B66222","Hastings & Prince Edward DSB","Pub Dist Sch Brd (E/F)",1129,1217,1300,1719,5365
"2013-2014","B67016","Huron Perth CDSB","Cath Dist Sch Brd (E/F)",350,342,296,430,1418
"2013-2014","B29025","Huron-Superior CDSB","Cath Dist Sch Brd (E/F)",345,287,334,427,1393
"2013-2014","B15148","James Bay Lowlands SSB","Sec Sch Brd (Sch Auth)",43,41,38,69,191
"2013-2014","B66079","Kawartha Pine Ridge DSB","Pub Dist Sch Brd (E/F)",2343,2505,2492,4229,11569
"2013-2014","B28045","Keewatin-Patricia DSB","Pub Dist Sch Brd (E/F)",470,469,486,818,2243
"2013-2014","B29050","Kenora CDSB","Cath Dist Sch Brd (E/F)",111,97,101,95,404
"2013-2014","B28061","Lakehead DSB","Pub Dist Sch Brd (E/F)",781,793,759,1112,3445
"2013-2014","B66036","Lambton Kent DSB","Pub Dist Sch Brd (E/F)",1714,1891,1915,2647,8167
"2013-2014","B66206","Limestone DSB","Pub Dist Sch Brd (E/F)",1374,1518,1479,3060,7431
"2013-2014","B67032","London District Catholic School Board","Cath Dist Sch Brd (E/F)",1656,1553,1660,2437,7306
"2013-2014","B28037","Near North DSB","Pub Dist Sch Brd (E/F)",763,837,903,1161,3664
"2013-2014","B67156","Niagara CDSB","Cath Dist Sch Brd (E/F)",1775,1840,1773,2298,7686
"2013-2014","B29017","Nipissing-Parry Sound CDSB","Cath Dist Sch Brd (E/F)",212,225,171,262,870
"2013-2014","B29009","Northeastern CDSB","Cath Dist Sch Brd (E/F)",88,96,78,164,426
"2013-2014","B67180","Ottawa CDSB","Cath Dist Sch Brd (E/F)",3137,3405,3555,4170,14267
"2013-2014","B66184","Ottawa-Carleton DSB","Pub Dist Sch Brd (E/F)",5106,5345,5539,8329,24319
"2013-2014","B66125","Peel DSB","Pub Dist Sch Brd (E/F)",9731,10081,10460,13902,44174
"2013-2014","B67067","Peterborough Victoria Northumberland and Clarington CDSB","Cath Dist Sch Brd (E/F)",1086,1125,1130,1374,4715
"2013-2014","B28029","Rainbow DSB","Pub Dist Sch Brd (E/F)",1060,1096,1245,1797,5198
"2013-2014","B28053","Rainy River DSB","Pub Dist Sch Brd (E/F)",259,268,257,386,1170
"2013-2014","B67199","Renfrew County CDSB","Cath Dist Sch Brd (E/F)",253,254,224,332,1063
"2013-2014","B66214","Renfrew County DSB","Pub Dist Sch Brd (E/F)",792,811,878,1226,3707
"2013-2014","B66109","Simcoe County DSB","Pub Dist Sch Brd (E/F)",3801,3873,3872,5341,16887
"2013-2014","B67091","Simcoe Muskoka CDSB","Cath Dist Sch Brd (E/F)",1625,1688,1730,2266,7309
"2013-2014","B67040","St Clair CDSB","Cath Dist Sch Brd (E/F)",641,603,616,858,2718
"2013-2014","B29033","Sudbury CDSB","Cath Dist Sch Brd (E/F)",499,508,523,581,2111
"2013-2014","B28070","Superior-Greenstone DSB","Pub Dist Sch Brd (E/F)",205,207,197,232,841
"2013-2014","B66044","Thames Valley DSB","Pub Dist Sch Brd (E/F)",5237,5473,5499,8262,24471
"2013-2014","B29068","Thunder Bay CDSB","Cath Dist Sch Brd (E/F)",563,565,552,650,2330
"2013-2014","B67059","Toronto CDSB","Cath Dist Sch Brd (E/F)",7040,7096,7335,9160,30631
"2013-2014","B66052","Toronto DSB","Pub Dist Sch Brd (E/F)",16397,17751,18685,26888,79721
"2013-2014","B66087","Trillium Lakelands DSB","Pub Dist Sch Brd (E/F)",1430,1423,1684,2012,6549
"2013-2014","B66192","Upper Canada DSB","Pub Dist Sch Brd (E/F)",2092,2107,2334,3948,10481
"2013-2014","B66117","Upper Grand DSB","Pub Dist Sch Brd (E/F)",2543,2515,2732,4031,11821
"2013-2014","B67148","Waterloo CDSB","Cath Dist Sch Brd (E/F)",1543,1581,1515,2217,6856
"2013-2014","B66176","Waterloo Region DSB","Pub Dist Sch Brd (E/F)",4401,4633,4675,6925,20634
"2013-2014","B67130","Wellington CDSB","Cath Dist Sch Brd (E/F)",604,589,560,849,2602
"2013-2014","B67024","Windsor-Essex CDSB","Cath Dist Sch Brd (E/F)",1883,1920,2044,2278,8125
"2013-2014","B67075","York CDSB","Cath Dist Sch Brd (E/F)",4413,4461,4616,4873,18363
"2013-2014","B66095","York Region DSB","Pub Dist Sch Brd (E/F)",8751,8856,9330,11923,38860
"2014-2015","B28010","Algoma DSB","Pub Dist Sch Brd (E/F)",780,803,789,1218,3590
"2014-2015","B67202","Algonquin and Lakeshore CDSB","Cath Dist Sch Brd (E/F)",808,916,1071,1211,4006
"2014-2015","B66010","Avon Maitland DSB","Pub Dist Sch Brd (E/F)",1163,1250,1480,2026,5919
"2014-2015","B66001","Bluewater DSB","Pub Dist Sch Brd (E/F)",1018,1069,1305,1820,5212
"2014-2015","B67164","Brant Haldimand Norfolk CDSB","Cath Dist Sch Brd (E/F)",795,804,789,1043,3431
"2014-2015","B67008","Bruce-Grey CDSB","Cath Dist Sch Brd (E/F)",330,341,311,407,1389
"2014-2015","B67172","CDSB of Eastern Ontario","Cath Dist Sch Brd (E/F)",971,1037,1104,1215,4327
"2014-2015","B66303","CS Viamonde","Pub Dist Sch Brd (E/F)",454,415,439,411,1719
"2014-2015","B28118","CSD du Grand Nord de l'Ontario","Pub Dist Sch Brd (E/F)",136,147,144,208,635
"2014-2015","B28100","CSD du Nord-Est de l'Ontario","Pub Dist Sch Brd (E/F)",87,101,93,216,497
"2014-2015","B67318","CSDC Centre-Sud","Cath Dist Sch Brd (E/F)",703,811,679,709,2902
"2014-2015","B29114","CSDC Franco-Nord","Cath Dist Sch Brd (E/F)",224,220,219,228,891
"2014-2015","B67326","CSDC de l'Est ontarien","Cath Dist Sch Brd (E/F)",692,751,744,868,3055
"2014-2015","B29130","CSDC des Aurores boréales","Cath Dist Sch Brd (E/F)",31,38,25,23,117
"2014-2015","B29106","CSDC des Grandes Rivières","Cath Dist Sch Brd (E/F)",447,494,472,539,1952
"2014-2015","B67334","CSDC du Centre-Est de l'Ontario","Cath Dist Sch Brd (E/F)",1231,1259,1236,1173,4899
"2014-2015","B29122","CSDC du Nouvel-Ontario","Cath Dist Sch Brd (E/F)",416,389,422,461,1688
"2014-2015","B67300","Conseil scolaire catholique Providence","Cath Dist Sch Brd (E/F)",438,436,348,447,1669
"2014-2015","B66311","CÉP de l'Est de l'Ontario","Pub Dist Sch Brd (E/F)",896,891,904,1057,3748
"2014-2015","B66150","DSB Niagara","Pub Dist Sch Brd (E/F)",2585,2738,2947,4107,12377
"2014-2015","B28002","DSB Ontario North East","Pub Dist Sch Brd (E/F)",628,648,696,1044,3016
"2014-2015","B67083","Dufferin-Peel CDSB","Cath Dist Sch Brd (E/F)",7622,7808,7913,9290,32633
"2014-2015","B67105","Durham CDSB","Cath Dist Sch Brd (E/F)",1641,1703,1674,2252,7270
"2014-2015","B66060","Durham DSB","Pub Dist Sch Brd (E/F)",4901,5134,5195,6339,21569
"2014-2015","B66168","Grand Erie DSB","Pub Dist Sch Brd (E/F)",1917,2021,2060,3438,9436
"2014-2015","B66028","Greater Essex County DSB","Pub Dist Sch Brd (E/F)",2884,2691,2824,3418,11817
"2014-2015","B67113","Halton CDSB","Cath Dist Sch Brd (E/F)",2395,2451,2452,2949,10247
"2014-2015","B66133","Halton DSB","Pub Dist Sch Brd (E/F)",4146,4207,4137,5981,18471
"2014-2015","B67121","Hamilton-Wentworth CDSB","Cath Dist Sch Brd (E/F)",2245,2329,2310,3974,10858
"2014-2015","B66141","Hamilton-Wentworth DSB","Pub Dist Sch Brd (E/F)",3325,3414,3652,5225,15616
"2014-2015","B66222","Hastings & Prince Edward DSB","Pub Dist Sch Brd (E/F)",1107,1154,1239,1643,5143
"2014-2015","B67016","Huron Perth CDSB","Cath Dist Sch Brd (E/F)",323,352,330,368,1373
"2014-2015","B29025","Huron-Superior CDSB","Cath Dist Sch Brd (E/F)",332,274,271,473,1350
"2014-2015","B15148","James Bay Lowlands SSB","Sec Sch Brd (Sch Auth)",48,49,40,63,200
"2014-2015","B66079","Kawartha Pine Ridge DSB","Pub Dist Sch Brd (E/F)",2160,2358,2512,3744,10774
"2014-2015","B28045","Keewatin-Patricia DSB","Pub Dist Sch Brd (E/F)",451,478,477,727,2133
"2014-2015","B29050","Kenora CDSB","Cath Dist Sch Brd (E/F)",90,102,87,119,398
"2014-2015","B28061","Lakehead DSB","Pub Dist Sch Brd (E/F)",667,785,784,936,3172
"2014-2015","B66036","Lambton Kent DSB","Pub Dist Sch Brd (E/F)",1652,1748,1853,2563,7816
"2014-2015","B66206","Limestone DSB","Pub Dist Sch Brd (E/F)",1440,1426,1569,2745,7180
"2014-2015","B67032","London District Catholic School Board","Cath Dist Sch Brd (E/F)",1490,1639,1555,2253,6937
"2014-2015","B28037","Near North DSB","Pub Dist Sch Brd (E/F)",739,767,855,1151,3512
"2014-2015","B67156","Niagara CDSB","Cath Dist Sch Brd (E/F)",1645,1752,1807,2156,7360
"2014-2015","B29017","Nipissing-Parry Sound CDSB","Cath Dist Sch Brd (E/F)",227,206,210,242,885
"2014-2015","B29009","Northeastern CDSB","Cath Dist Sch Brd (E/F)",103,78,86,131,398
"2014-2015","B67180","Ottawa CDSB","Cath Dist Sch Brd (E/F)",3000,3335,3372,3991,13698
"2014-2015","B66184","Ottawa-Carleton DSB","Pub Dist Sch Brd (E/F)",5198,5120,5511,8217,24046
"2014-2015","B66125","Peel DSB","Pub Dist Sch Brd (E/F)",9579,9876,10203,13392,43050
"2014-2015","B67067","Peterborough Victoria Northumberland and Clarington CDSB","Cath Dist Sch Brd (E/F)",1082,1089,1105,1283,4559
"2014-2015","B28029","Rainbow DSB","Pub Dist Sch Brd (E/F)",1080,1092,1138,1880,5190
"2014-2015","B28053","Rainy River DSB","Pub Dist Sch Brd (E/F)",248,246,264,408,1166
"2014-2015","B67199","Renfrew County CDSB","Cath Dist Sch Brd (E/F)",244,231,241,287,1003
"2014-2015","B66214","Renfrew County DSB","Pub Dist Sch Brd (E/F)",732,799,860,1164,3555
"2014-2015","B66109","Simcoe County DSB","Pub Dist Sch Brd (E/F)",3545,3829,3926,5077,16377
"2014-2015","B67091","Simcoe Muskoka CDSB","Cath Dist Sch Brd (E/F)",1521,1646,1656,2043,6866
"2014-2015","B67040","St Clair CDSB","Cath Dist Sch Brd (E/F)",565,627,591,818,2601
"2014-2015","B29033","Sudbury CDSB","Cath Dist Sch Brd (E/F)",474,476,485,616,2051
"2014-2015","B28070","Superior-Greenstone DSB","Pub Dist Sch Brd (E/F)",168,201,201,248,818
"2014-2015","B66044","Thames Valley DSB","Pub Dist Sch Brd (E/F)",5101,5314,5505,7821,23741
"2014-2015","B29068","Thunder Bay CDSB","Cath Dist Sch Brd (E/F)",571,557,543,601,2272
"2014-2015","B67059","Toronto CDSB","Cath Dist Sch Brd (E/F)",6692,7199,7178,9250,30319
"2014-2015","B66052","Toronto DSB","Pub Dist Sch Brd (E/F)",16520,17009,18025,25195,76749
"2014-2015","B66087","Trillium Lakelands DSB","Pub Dist Sch Brd (E/F)",1299,1417,1511,2094,6321
"2014-2015","B66192","Upper Canada DSB","Pub Dist Sch Brd (E/F)",2047,2131,2266,3775,10219
"2014-2015","B66117","Upper Grand DSB","Pub Dist Sch Brd (E/F)",2439,2585,2557,4015,11596
"2014-2015","B67148","Waterloo CDSB","Cath Dist Sch Brd (E/F)",1475,1552,1601,1976,6604
"2014-2015","B66176","Waterloo Region DSB","Pub Dist Sch Brd (E/F)",4400,4481,4646,6541,20068
"2014-2015","B67130","Wellington CDSB","Cath Dist Sch Brd (E/F)",557,599,595,809,2560
"2014-2015","B67024","Windsor-Essex CDSB","Cath Dist Sch Brd (E/F)",1819,1889,1977,2106,7791
"2014-2015","B67075","York CDSB","Cath Dist Sch Brd (E/F)",4355,4490,4463,4911,18219
"2014-2015","B66095","York Region DSB","Pub Dist Sch Brd (E/F)",9054,9136,9193,11476,38859
"2015-2016","B28010","Algoma DSB","Pub Dist Sch Brd (E/F)",713,762,801,1166,3442
"2015-2016","B66010","Avon Maitland DSB","Pub Dist Sch Brd (E/F)",1178,1182,1360,1971,5691
"2015-2016","B66001","Bluewater DSB","Pub Dist Sch Brd (E/F)",1158,1042,1063,1789,5052
"2015-2016","B66303","CS Viamonde","Pub Dist Sch Brd (E/F)",525,439,393,484,1841
"2015-2016","B28118","CSD du Grand Nord de l'Ontario","Pub Dist Sch Brd (E/F)",131,127,139,201,598
"2015-2016","B28100","CSD du Nord-Est de l'Ontario","Pub Dist Sch Brd (E/F)",94,97,102,194,487
"2015-2016","B66311","CÉP de l'Est de l'Ontario","Pub Dist Sch Brd (E/F)",808,856,890,1067,3621
"2015-2016","B66150","DSB Niagara","Pub Dist Sch Brd (E/F)",2744,2625,2786,4099,12254
"2015-2016","B28002","DSB Ontario North East","Pub Dist Sch Brd (E/F)",578,614,637,1010,2839
"2015-2016","B66060","Durham DSB","Pub Dist Sch Brd (E/F)",5241,5003,5235,6165,21644
"2015-2016","B66168","Grand Erie DSB","Pub Dist Sch Brd (E/F)",1978,1944,2040,3300,9262
"2015-2016","B66028","Greater Essex County DSB","Pub Dist Sch Brd (E/F)",2821,2754,2703,3397,11675
"2015-2016","B66133","Halton DSB","Pub Dist Sch Brd (E/F)",4226,4196,4278,5975,18675
"2015-2016","B66141","Hamilton-Wentworth DSB","Pub Dist Sch Brd (E/F)",3331,3282,3474,4966,15053
"2015-2016","B66222","Hastings & Prince Edward DSB","Pub Dist Sch Brd (E/F)",1099,1143,1167,1532,4941
"2015-2016","B15148","James Bay Lowlands SSB","Sec Sch Brd (Sch Auth)",29,45,42,66,182
"2015-2016","B66079","Kawartha Pine Ridge DSB","Pub Dist Sch Brd (E/F)",2211,2176,2355,3501,10243
"2015-2016","B28045","Keewatin-Patricia DSB","Pub Dist Sch Brd (E/F)",455,457,498,741,2151
"2015-2016","B28061","Lakehead DSB","Pub Dist Sch Brd (E/F)",677,691,758,896,3022
"2015-2016","B66036","Lambton Kent DSB","Pub Dist Sch Brd (E/F)",1719,1671,1776,2577,7743
"2015-2016","B66206","Limestone DSB","Pub Dist Sch Brd (E/F)",1379,1461,1460,2651,6951
"2015-2016","B28037","Near North DSB","Pub Dist Sch Brd (E/F)",795,757,816,1166,3534
"2015-2016","B66184","Ottawa-Carleton DSB","Pub Dist Sch Brd (E/F)",5196,5208,5353,8176,23933
"2015-2016","B66125","Peel DSB","Pub Dist Sch Brd (E/F)",9821,9691,9955,12918,42385
"2015-2016","B28029","Rainbow DSB","Pub Dist Sch Brd (E/F)",1089,1082,1105,1773,5049
"2015-2016","B28053","Rainy River DSB","Pub Dist Sch Brd (E/F)",244,237,245,413,1139
"2015-2016","B66214","Renfrew County DSB","Pub Dist Sch Brd (E/F)",765,735,830,1147,3477
"2015-2016","B66109","Simcoe County DSB","Pub Dist Sch Brd (E/F)",3682,3582,3869,4839,15972
"2015-2016","B28070","Superior-Greenstone DSB","Pub Dist Sch Brd (E/F)",181,169,187,232,769
"2015-2016","B66044","Thames Valley DSB","Pub Dist Sch Brd (E/F)",5385,5167,5337,7735,23624
"2015-2016","B66052","Toronto DSB","Pub Dist Sch Brd (E/F)",16016,17048,17219,24422,74705
"2015-2016","B66087","Trillium Lakelands DSB","Pub Dist Sch Brd (E/F)",1393,1326,1446,1969,6134
"2015-2016","B66192","Upper Canada DSB","Pub Dist Sch Brd (E/F)",1940,2052,2233,3664,9889
"2015-2016","B66117","Upper Grand DSB","Pub Dist Sch Brd (E/F)",2504,2514,2674,3832,11524
"2015-2016","B66176","Waterloo Region DSB","Pub Dist Sch Brd (E/F)",4561,4440,4524,6457,19982
"2015-2016","B66095","York Region DSB","Pub Dist Sch Brd (E/F)",9120,9488,9521,11093,39222
"2015-2016","B67202","Algonquin and Lakeshore CDSB","Cath Dist Sch Brd (E/F)",876,816,1060,1285,4037
"2015-2016","B67164","Brant Haldimand Norfolk CDSB","Cath Dist Sch Brd (E/F)",824,779,790,999,3392
"2015-2016","B67008","Bruce-Grey CDSB","Cath Dist Sch Brd (E/F)",342,333,333,414,1422
"2015-2016","B67172","CDSB of Eastern Ontario","Cath Dist Sch Brd (E/F)",958,997,1040,1261,4256
"2015-2016","B67318","CSDC Centre-Sud","Cath Dist Sch Brd (E/F)",876,697,775,698,3046
"2015-2016","B29114","CSDC Franco-Nord","Cath Dist Sch Brd (E/F)",226,214,217,253,910
"2015-2016","B67326","CSDC de l'Est ontarien","Cath Dist Sch Brd (E/F)",714,690,744,782,2930
"2015-2016","B29130","CSDC des Aurores boréales","Cath Dist Sch Brd (E/F)",33,27,39,27,126
"2015-2016","B29106","CSDC des Grandes Rivières","Cath Dist Sch Brd (E/F)",419,442,491,563,1915
"2015-2016","B67334","CSDC du Centre-Est de l'Ontario","Cath Dist Sch Brd (E/F)",1269,1226,1257,1213,4965
"2015-2016","B29122","CSDC du Nouvel-Ontario","Cath Dist Sch Brd (E/F)",434,404,375,423,1636
"2015-2016","B67300","Conseil scolaire catholique Providence","Cath Dist Sch Brd (E/F)",438,434,432,391,1695
"2015-2016","B67083","Dufferin-Peel CDSB","Cath Dist Sch Brd (E/F)",7561,7768,7872,9014,32215
"2015-2016","B67105","Durham CDSB","Cath Dist Sch Brd (E/F)",1547,1641,1711,2007,6906
"2015-2016","B67113","Halton CDSB","Cath Dist Sch Brd (E/F)",2774,2481,2487,3010,10752
"2015-2016","B67121","Hamilton-Wentworth CDSB","Cath Dist Sch Brd (E/F)",2376,2257,2325,3667,10625
"2015-2016","B67016","Huron Perth CDSB","Cath Dist Sch Brd (E/F)",334,328,352,437,1451
"2015-2016","B29025","Huron-Superior CDSB","Cath Dist Sch Brd (E/F)",365,268,265,430,1328
"2015-2016","B29050","Kenora CDSB","Cath Dist Sch Brd (E/F)",125,81,92,97,395
"2015-2016","B67032","London District Catholic School Board","Cath Dist Sch Brd (E/F)",1438,1499,1646,2114,6697
"2015-2016","B67156","Niagara CDSB","Cath Dist Sch Brd (E/F)",1683,1683,1751,2174,7291
"2015-2016","B29017","Nipissing-Parry Sound CDSB","Cath Dist Sch Brd (E/F)",181,230,196,250,857
"2015-2016","B29009","Northeastern CDSB","Cath Dist Sch Brd (E/F)",105,105,79,113,402
"2015-2016","B67180","Ottawa CDSB","Cath Dist Sch Brd (E/F)",3059,3168,3406,3909,13542
"2015-2016","B67067","Peterborough Victoria Northumberland and Clarington CDSB","Cath Dist Sch Brd (E/F)",1184,1077,1076,1227,4564
"2015-2016","B67199","Renfrew County CDSB","Cath Dist Sch Brd (E/F)",263,237,238,292,1030
"2015-2016","B67091","Simcoe Muskoka CDSB","Cath Dist Sch Brd (E/F)",1653,1538,1619,1948,6758
"2015-2016","B67040","St Clair CDSB","Cath Dist Sch Brd (E/F)",579,561,625,779,2544
"2015-2016","B29033","Sudbury CDSB","Cath Dist Sch Brd (E/F)",454,460,475,559,1948
"2015-2016","B29068","Thunder Bay CDSB","Cath Dist Sch Brd (E/F)",577,551,551,603,2282
"2015-2016","B67059","Toronto CDSB","Cath Dist Sch Brd (E/F)",6889,6910,7383,8954,30136
"2015-2016","B67148","Waterloo CDSB","Cath Dist Sch Brd (E/F)",1503,1479,1564,2114,6660
"2015-2016","B67130","Wellington CDSB","Cath Dist Sch Brd (E/F)",547,550,605,818,2520
"2015-2016","B67024","Windsor-Essex CDSB","Cath Dist Sch Brd (E/F)",1725,1800,1932,2090,7547
"2015-2016","B67075","York CDSB","Cath Dist Sch Brd (E/F)",4570,4423,4515,4766,18274
"2016-2017","B28010","Algoma DSB","Pub Dist Sch Brd (E/F)",721,701,757,1131,3310
"2016-2017","B67202","Algonquin and Lakeshore CDSB","Cath Dist Sch Brd (E/F)",856,866,978,1276,3976
"2016-2017","B66010","Avon Maitland DSB","Pub Dist Sch Brd (E/F)",1166,1234,1304,1858,5562
"2016-2017","B66001","Bluewater DSB","Pub Dist Sch Brd (E/F)",977,1166,1057,1558,4758
"2016-2017","B67164","Brant Haldimand Norfolk CDSB","Cath Dist Sch Brd (E/F)",844,825,785,1018,3472
"2016-2017","B67008","Bruce-Grey CDSB","Cath Dist Sch Brd (E/F)",346,363,334,466,1509
"2016-2017","B67172","CDSB of Eastern Ontario","Cath Dist Sch Brd (E/F)",912,994,1016,1207,4129
"2016-2017","B66303","CS Viamonde","Pub Dist Sch Brd (E/F)",499,507,414,434,1854
"2016-2017","B67318","CS catholique MonAvenir","Cath Dist Sch Brd (E/F)",824,846,646,784,3100
"2016-2017","B28118","CS public du Grand Nord de l'Ontario","Pub Dist Sch Brd (E/F)",143,131,136,197,607
"2016-2017","B28100","CSD du Nord-Est de l'Ontario","Pub Dist Sch Brd (E/F)",86,96,105,197,484
"2016-2017","B29114","CSDC Franco-Nord","Cath Dist Sch Brd (E/F)",231,215,216,246,908
"2016-2017","B67326","CSDC de l'Est ontarien","Cath Dist Sch Brd (E/F)",649,711,660,731,2751
"2016-2017","B29130","CSDC des Aurores boréales","Cath Dist Sch Brd (E/F)",29,32,27,42,130
"2016-2017","B29106","CSDC des Grandes Rivières","Cath Dist Sch Brd (E/F)",430,404,447,534,1815
"2016-2017","B67334","CSDC du Centre-Est de l'Ontario","Cath Dist Sch Brd (E/F)",1399,1267,1222,1262,5150
"2016-2017","B29122","CSDC du Nouvel-Ontario","Cath Dist Sch Brd (E/F)",421,425,384,378,1608
"2016-2017","B67300","Conseil scolaire catholique Providence","Cath Dist Sch Brd (E/F)",473,434,422,463,1792
"2016-2017","B66311","CÉP de l'Est de l'Ontario","Pub Dist Sch Brd (E/F)",913,821,858,915,3507
"2016-2017","B66150","DSB Niagara","Pub Dist Sch Brd (E/F)",2598,2789,2659,3919,11965
"2016-2017","B28002","DSB Ontario North East","Pub Dist Sch Brd (E/F)",507,588,589,893,2577
"2016-2017","B67083","Dufferin-Peel CDSB","Cath Dist Sch Brd (E/F)",7336,7769,7846,8839,31790
"2016-2017","B67105","Durham CDSB","Cath Dist Sch Brd (E/F)",1499,1584,1664,1979,6726
"2016-2017","B66060","Durham DSB","Pub Dist Sch Brd (E/F)",4919,5248,5004,6105,21276
"2016-2017","B66168","Grand Erie DSB","Pub Dist Sch Brd (E/F)",1816,2006,1979,3127,8928
"2016-2017","B66028","Greater Essex County DSB","Pub Dist Sch Brd (E/F)",2697,2709,2833,3378,11617
"2016-2017","B67113","Halton CDSB","Cath Dist Sch Brd (E/F)",2810,2840,2516,3027,11193
"2016-2017","B66133","Halton DSB","Pub Dist Sch Brd (E/F)",4351,4292,4366,6066,19075
"2016-2017","B67121","Hamilton-Wentworth CDSB","Cath Dist Sch Brd (E/F)",2316,2420,2242,3599,10577
"2016-2017","B66141","Hamilton-Wentworth DSB","Pub Dist Sch Brd (E/F)",3077,3365,3321,4755,14518
"2016-2017","B66222","Hastings & Prince Edward DSB","Pub Dist Sch Brd (E/F)",1119,1152,1178,1441,4890
"2016-2017","B67016","Huron Perth CDSB","Cath Dist Sch Brd (E/F)",291,339,317,439,1386
"2016-2017","B29025","Huron-Superior CDSB","Cath Dist Sch Brd (E/F)",304,292,278,387,1261
"2016-2017","B15148","James Bay Lowlands SSB","Sec Sch Brd (Sch Auth)",33,27,37,80,177
"2016-2017","B66079","Kawartha Pine Ridge DSB","Pub Dist Sch Brd (E/F)",2172,2223,2140,3217,9752
"2016-2017","B28045","Keewatin-Patricia DSB","Pub Dist Sch Brd (E/F)",423,477,475,717,2092
"2016-2017","B29050","Kenora CDSB","Cath Dist Sch Brd (E/F)",105,105,77,96,383
"2016-2017","B28061","Lakehead DSB","Pub Dist Sch Brd (E/F)",623,674,667,902,2866
"2016-2017","B66036","Lambton Kent DSB","Pub Dist Sch Brd (E/F)",1570,1766,1709,2445,7490
"2016-2017","B66206","Limestone DSB","Pub Dist Sch Brd (E/F)",1400,1417,1484,2489,6790
"2016-2017","B67032","London District Catholic School Board","Cath Dist Sch Brd (E/F)",1504,1512,1493,2149,6658
"2016-2017","B28037","Near North DSB","Pub Dist Sch Brd (E/F)",743,788,778,1051,3360
"2016-2017","B67156","Niagara CDSB","Cath Dist Sch Brd (E/F)",1593,1687,1691,2189,7160
"2016-2017","B29017","Nipissing-Parry Sound CDSB","Cath Dist Sch Brd (E/F)",197,177,227,245,846
"2016-2017","B29009","Northeastern CDSB","Cath Dist Sch Brd (E/F)",92,105,97,120,414
"2016-2017","B67180","Ottawa CDSB","Cath Dist Sch Brd (E/F)",3063,3273,3181,3889,13406
"2016-2017","B66184","Ottawa-Carleton DSB","Pub Dist Sch Brd (E/F)",5259,5291,5449,8063,24062
"2016-2017","B66125","Peel DSB","Pub Dist Sch Brd (E/F)",9483,9975,9870,12599,41927
"2016-2017","B67067","Peterborough Victoria Northumberland and Clarington CDSB","Cath Dist Sch Brd (E/F)",1128,1198,1098,1209,4633
"2016-2017","B28029","Rainbow DSB","Pub Dist Sch Brd (E/F)",927,1101,1061,1785,4874
"2016-2017","B28053","Rainy River DSB","Pub Dist Sch Brd (E/F)",234,235,236,300,1005
"2016-2017","B67199","Renfrew County CDSB","Cath Dist Sch Brd (E/F)",277,250,233,287,1047
"2016-2017","B66214","Renfrew County DSB","Pub Dist Sch Brd (E/F)",713,767,764,1133,3377
"2016-2017","B66109","Simcoe County DSB","Pub Dist Sch Brd (E/F)",3544,3743,3606,4774,15667
"2016-2017","B67091","Simcoe Muskoka CDSB","Cath Dist Sch Brd (E/F)",1698,1681,1559,1922,6860
"2016-2017","B67040","St Clair CDSB","Cath Dist Sch Brd (E/F)",620,571,553,820,2564
"2016-2017","B29033","Sudbury CDSB","Cath Dist Sch Brd (E/F)",463,431,460,580,1934
"2016-2017","B28070","Superior-Greenstone DSB","Pub Dist Sch Brd (E/F)",168,183,165,248,764
"2016-2017","B66044","Thames Valley DSB","Pub Dist Sch Brd (E/F)",5176,5454,5299,7790,23719
"2016-2017","B29068","Thunder Bay CDSB","Cath Dist Sch Brd (E/F)",575,577,536,611,2299
"2016-2017","B67059","Toronto CDSB","Cath Dist Sch Brd (E/F)",6529,7094,7174,9301,30098
"2016-2017","B66052","Toronto DSB","Pub Dist Sch Brd (E/F)",16072,16570,17635,23633,73910
"2016-2017","B66087","Trillium Lakelands DSB","Pub Dist Sch Brd (E/F)",1226,1382,1418,1842,5868
"2016-2017","B66192","Upper Canada DSB","Pub Dist Sch Brd (E/F)",1862,1975,2187,3456,9480
"2016-2017","B66117","Upper Grand DSB","Pub Dist Sch Brd (E/F)",2447,2625,2599,3882,11553
"2016-2017","B67148","Waterloo CDSB","Cath Dist Sch Brd (E/F)",1576,1535,1506,1998,6615
"2016-2017","B66176","Waterloo Region DSB","Pub Dist Sch Brd (E/F)",4327,4625,4547,6334,19833
"2016-2017","B67130","Wellington CDSB","Cath Dist Sch Brd (E/F)",538,565,568,827,2498
"2016-2017","B67024","Windsor-Essex CDSB","Cath Dist Sch Brd (E/F)",1822,1767,1831,2058,7478
"2016-2017","B67075","York CDSB","Cath Dist Sch Brd (E/F)",4518,4607,4458,4795,18378
"2016-2017","B66095","York Region DSB","Pub Dist Sch Brd (E/F)",9122,9485,9776,11118,39501
"2017-2018","B28010","Algoma DSB","Pub Dist Sch Brd (E/F)",728,715,713,1074,3230
"2017-2018","B67202","Algonquin and Lakeshore CDSB","Cath Dist Sch Brd (E/F)",808,880,1050,1140,3878
"2017-2018","B66010","Avon Maitland DSB","Pub Dist Sch Brd (E/F)",1173,1255,1354,1845,5627
"2017-2018","B66001","Bluewater DSB","Pub Dist Sch Brd (E/F)",967,992,1204,1433,4596
"2017-2018","B67164","Brant Haldimand Norfolk CDSB","Cath Dist Sch Brd (E/F)",835,840,820,1005,3500
"2017-2018","B67008","Bruce-Grey CDSB","Cath Dist Sch Brd (E/F)",378,361,365,494,1598
"2017-2018","B67172","CDSB of Eastern Ontario","Cath Dist Sch Brd (E/F)",968,939,986,1156,4049
"2017-2018","B66303","CS Viamonde","Pub Dist Sch Brd (E/F)",576,496,480,435,1987
"2017-2018","B67318","CS catholique MonAvenir","Cath Dist Sch Brd (E/F)",906,784,806,659,3155
"2017-2018","B28118","CS public du Grand Nord de l'Ontario","Pub Dist Sch Brd (E/F)",157,132,134,175,598
"2017-2018","B28100","CSD du Nord-Est de l'Ontario","Pub Dist Sch Brd (E/F)",105,81,98,176,460
"2017-2018","B29114","CSDC Franco-Nord","Cath Dist Sch Brd (E/F)",164,222,209,225,820
"2017-2018","B67326","CSDC de l'Est ontarien","Cath Dist Sch Brd (E/F)",655,645,679,678,2657
"2017-2018","B29130","CSDC des Aurores boréales","Cath Dist Sch Brd (E/F)",34,28,31,29,122
"2017-2018","B29106","CSDC des Grandes Rivières","Cath Dist Sch Brd (E/F)",404,429,417,495,1745
"2017-2018","B67334","CSDC du Centre-Est de l'Ontario","Cath Dist Sch Brd (E/F)",1399,1401,1303,1246,5349
"2017-2018","B29122","CSDC du Nouvel-Ontario","Cath Dist Sch Brd (E/F)",450,408,412,385,1655
"2017-2018","B67300","Conseil scolaire catholique Providence","Cath Dist Sch Brd (E/F)",509,467,438,447,1861
"2017-2018","B66311","CÉP de l'Est de l'Ontario","Pub Dist Sch Brd (E/F)",897,963,910,956,3726
"2017-2018","B66150","DSB Niagara","Pub Dist Sch Brd (E/F)",2767,2672,2819,3704,11962
"2017-2018","B28002","DSB Ontario North East","Pub Dist Sch Brd (E/F)",555,521,598,816,2490
"2017-2018","B67083","Dufferin-Peel CDSB","Cath Dist Sch Brd (E/F)",7340,7487,7833,8671,31331
"2017-2018","B67105","Durham CDSB","Cath Dist Sch Brd (E/F)",1590,1506,1585,1889,6570
"2017-2018","B66060","Durham DSB","Pub Dist Sch Brd (E/F)",5104,4978,5309,5773,21164
"2017-2018","B66168","Grand Erie DSB","Pub Dist Sch Brd (E/F)",1883,1832,2016,3006,8737
"2017-2018","B66028","Greater Essex County DSB","Pub Dist Sch Brd (E/F)",2901,2574,2802,3531,11808
"2017-2018","B67113","Halton CDSB","Cath Dist Sch Brd (E/F)",3090,2868,2905,3035,11898
"2017-2018","B66133","Halton DSB","Pub Dist Sch Brd (E/F)",4499,4483,4348,6081,19411
"2017-2018","B67121","Hamilton-Wentworth CDSB","Cath Dist Sch Brd (E/F)",2355,2376,2462,3569,10762
"2017-2018","B66141","Hamilton-Wentworth DSB","Pub Dist Sch Brd (E/F)",3247,3128,3426,4621,14422
"2017-2018","B66222","Hastings & Prince Edward DSB","Pub Dist Sch Brd (E/F)",1048,1157,1150,1377,4732
"2017-2018","B67016","Huron Perth CDSB","Cath Dist Sch Brd (E/F)",307,290,343,394,1334
"2017-2018","B29025","Huron-Superior CDSB","Cath Dist Sch Brd (E/F)",332,223,270,345,1170
"2017-2018","B15148","James Bay Lowlands SSB","Sec Sch Brd (Sch Auth)",32,30,25,76,163
"2017-2018","B66079","Kawartha Pine Ridge DSB","Pub Dist Sch Brd (E/F)",2145,2193,2226,2952,9516
"2017-2018","B28045","Keewatin-Patricia DSB","Pub Dist Sch Brd (E/F)",431,435,483,673,2022
"2017-2018","B29050","Kenora CDSB","Cath Dist Sch Brd (E/F)",83,97,101,94,375
"2017-2018","B28061","Lakehead DSB","Pub Dist Sch Brd (E/F)",640,610,676,795,2721
"2017-2018","B66036","Lambton Kent DSB","Pub Dist Sch Brd (E/F)",1522,1655,1833,2321,7331
"2017-2018","B66206","Limestone DSB","Pub Dist Sch Brd (E/F)",1370,1417,1461,2382,6630
"2017-2018","B67032","London District Catholic School Board","Cath Dist Sch Brd (E/F)",1570,1584,1547,2061,6762
"2017-2018","B28037","Near North DSB","Pub Dist Sch Brd (E/F)",744,743,826,969,3282
"2017-2018","B67156","Niagara CDSB","Cath Dist Sch Brd (E/F)",1575,1599,1704,2103,6981
"2017-2018","B29017","Nipissing-Parry Sound CDSB","Cath Dist Sch Brd (E/F)",193,195,179,242,809
"2017-2018","B29009","Northeastern CDSB","Cath Dist Sch Brd (E/F)",103,95,100,148,446
"2017-2018","B67180","Ottawa CDSB","Cath Dist Sch Brd (E/F)",3218,3253,3336,3744,13551
"2017-2018","B66184","Ottawa-Carleton DSB","Pub Dist Sch Brd (E/F)",5456,5422,5513,8046,24437
"2017-2018","B66125","Peel DSB","Pub Dist Sch Brd (E/F)",9909,9617,10157,12396,42079
"2017-2018","B67067","Peterborough Victoria Northumberland Clarington CDSB","Cath Dist Sch Brd (E/F)",1185,1132,1184,1205,4706
"2017-2018","B28029","Rainbow DSB","Pub Dist Sch Brd (E/F)",945,945,1090,1633,4613
"2017-2018","B28053","Rainy River DSB","Pub Dist Sch Brd (E/F)",222,226,227,261,936
"2017-2018","B67199","Renfrew County CDSB","Cath Dist Sch Brd (E/F)",257,288,249,303,1097
"2017-2018","B66214","Renfrew County DSB","Pub Dist Sch Brd (E/F)",715,714,772,1034,3235
"2017-2018","B66109","Simcoe County DSB","Pub Dist Sch Brd (E/F)",3684,3571,3821,4498,15574
"2017-2018","B67091","Simcoe Muskoka CDSB","Cath Dist Sch Brd (E/F)",1726,1688,1668,1790,6872
"2017-2018","B67040","St Clair CDSB","Cath Dist Sch Brd (E/F)",675,602,545,750,2572
"2017-2018","B29033","Sudbury CDSB","Cath Dist Sch Brd (E/F)",440,452,456,573,1921
"2017-2018","B28070","Superior-Greenstone DSB","Pub Dist Sch Brd (E/F)",170,168,170,201,709
"2017-2018","B66044","Thames Valley DSB","Pub Dist Sch Brd (E/F)",5295,5322,5529,7598,23744
"2017-2018","B29068","Thunder Bay CDSB","Cath Dist Sch Brd (E/F)",553,568,547,601,2269
"2017-2018","B67059","Toronto CDSB","Cath Dist Sch Brd (E/F)",6596,6821,7304,8904,29625
"2017-2018","B66052","Toronto DSB","Pub Dist Sch Brd (E/F)",16088,16610,16998,23718,73414
"2017-2018","B66087","Trillium Lakelands DSB","Pub Dist Sch Brd (E/F)",1338,1232,1376,1829,5775
"2017-2018","B66192","Upper Canada DSB","Pub Dist Sch Brd (E/F)",1968,1883,2126,3200,9177
"2017-2018","B66117","Upper Grand DSB","Pub Dist Sch Brd (E/F)",2549,2526,2669,3744,11488
"2017-2018","B67148","Waterloo CDSB","Cath Dist Sch Brd (E/F)",1617,1618,1540,1987,6762
"2017-2018","B66176","Waterloo Region DSB","Pub Dist Sch Brd (E/F)",4597,4410,4707,6237,19951
"2017-2018","B67130","Wellington CDSB","Cath Dist Sch Brd (E/F)",549,550,565,759,2423
"2017-2018","B67024","Windsor-Essex CDSB","Cath Dist Sch Brd (E/F)",1728,1809,1859,1927,7323
"2017-2018","B67075","York CDSB","Cath Dist Sch Brd (E/F)",4159,4535,4674,4714,18082
"2017-2018","B66095","York Region DSB","Pub Dist Sch Brd (E/F)",9293,9555,9897,11454,40199
"2018-2019","B28010","Algoma DSB","Pub Dist Sch Brd (E/F)",765,725,735,1040,3260
"2018-2019","B67202","Algonquin and Lakeshore CDSB","Cath Dist Sch Brd (E/F)",825,810,1045,1120,3800
"2018-2019","B66010","Avon Maitland DSB","Pub Dist Sch Brd (E/F)",1145,1195,1350,1820,5515
"2018-2019","B66001","Bluewater DSB","Pub Dist Sch Brd (E/F)",1000,985,1025,1515,4525
"2018-2019","B67164","Brant Haldimand Norfolk CDSB","Cath Dist Sch Brd (E/F)",910,835,820,1055,3625
"2018-2019","B67008","Bruce-Grey CDSB","Cath Dist Sch Brd (E/F)",400,380,360,510,1650
"2018-2019","B67172","CDSB of Eastern Ontario","Cath Dist Sch Brd (E/F)",905,1025,905,1070,3905
"2018-2019","B66303","CS Viamonde","Pub Dist Sch Brd (E/F)",580,545,460,500,2080
"2018-2019","B67318","CS catholique MonAvenir","Cath Dist Sch Brd (E/F)",910,845,760,815,3330
"2018-2019","B28118","CS public du Grand Nord de l'Ontario","Pub Dist Sch Brd (E/F)",170,145,135,190,640
"2018-2019","B28100","CSD du Nord-Est de l'Ontario","Pub Dist Sch Brd (E/F)",85,95,75,160,415
"2018-2019","B29114","CSDC Franco-Nord","Cath Dist Sch Brd (E/F)",195,165,220,235,815
"2018-2019","B67326","CSDC de l'Est ontarien","Cath Dist Sch Brd (E/F)",670,650,625,690,2635
"2018-2019","B29130","CSDC des Aurores boréales","Cath Dist Sch Brd (E/F)",35,35,25,30,130
"2018-2019","B29106","CSDC des Grandes Rivières","Cath Dist Sch Brd (E/F)",375,390,420,465,1650
"2018-2019","B67334","CSDC du Centre-Est de l'Ontario","Cath Dist Sch Brd (E/F)",1595,1410,1390,1305,5700
"2018-2019","B29122","CSDC du Nouvel-Ontario","Cath Dist Sch Brd (E/F)",440,445,395,410,1695
"2018-2019","B67300","Conseil scolaire catholique Providence","Cath Dist Sch Brd (E/F)",525,485,460,480,1950
"2018-2019","B66311","CÉP de l'Est de l'Ontario","Pub Dist Sch Brd (E/F)",955,895,1065,970,3885
"2018-2019","B66150","DSB Niagara","Pub Dist Sch Brd (E/F)",2855,2845,2730,3720,12150
"2018-2019","B28002","DSB Ontario North East","Pub Dist Sch Brd (E/F)",560,575,520,805,2460
"2018-2019","B67083","Dufferin-Peel CDSB","Cath Dist Sch Brd (E/F)",7670,7470,7540,8730,31405
"2018-2019","B67105","Durham CDSB","Cath Dist Sch Brd (E/F)",1605,1640,1525,1705,6475
"2018-2019","B66060","Durham DSB","Pub Dist Sch Brd (E/F)",5085,5165,5050,6015,21315
"2018-2019","B66168","Grand Erie DSB","Pub Dist Sch Brd (E/F)",1775,1910,1855,2970,8515
"2018-2019","B66028","Greater Essex County DSB","Pub Dist Sch Brd (E/F)",2885,2760,2655,3520,11820
"2018-2019","B67113","Halton CDSB","Cath Dist Sch Brd (E/F)",3300,3185,2905,3410,12800
"2018-2019","B66133","Halton DSB","Pub Dist Sch Brd (E/F)",4525,4590,4580,5980,19675
"2018-2019","B67121","Hamilton-Wentworth CDSB","Cath Dist Sch Brd (E/F)",2450,2395,2405,3640,10890
"2018-2019","B66141","Hamilton-Wentworth DSB","Pub Dist Sch Brd (E/F)",3165,3290,3160,4530,14145
"2018-2019","B66222","Hastings & Prince Edward DSB","Pub Dist Sch Brd (E/F)",1145,1110,1190,1265,4710
"2018-2019","B67016","Huron Perth CDSB","Cath Dist Sch Brd (E/F)",345,320,290,425,1375
"2018-2019","B29025","Huron-Superior CDSB","Cath Dist Sch Brd (E/F)",280,245,210,345,1080
"2018-2019","B15148","James Bay Lowlands SSB","Sec Sch Brd (Sch Auth)",45,30,30,55,165
"2018-2019","B66079","Kawartha Pine Ridge DSB","Pub Dist Sch Brd (E/F)",2210,2145,2195,3040,9595
"2018-2019","B28045","Keewatin-Patricia DSB","Pub Dist Sch Brd (E/F)",400,445,435,695,1975
"2018-2019","B29050","Kenora CDSB","Cath Dist Sch Brd (E/F)",100,80,100,120,395
"2018-2019","B28061","Lakehead DSB","Pub Dist Sch Brd (E/F)",600,655,610,785,2650
"2018-2019","B66036","Lambton Kent DSB","Pub Dist Sch Brd (E/F)",1665,1595,1660,2450,7365
"2018-2019","B66206","Limestone DSB","Pub Dist Sch Brd (E/F)",1360,1405,1460,2325,6550
"2018-2019","B67032","London District Catholic School Board","Cath Dist Sch Brd (E/F)",1640,1640,1630,2070,6980
"2018-2019","B28037","Near North DSB","Pub Dist Sch Brd (E/F)",745,745,765,990,3245
"2018-2019","B67156","Niagara CDSB","Cath Dist Sch Brd (E/F)",1550,1560,1585,2120,6810
"2018-2019","B29017","Nipissing-Parry Sound CDSB","Cath Dist Sch Brd (E/F)",205,210,195,225,830
"2018-2019","B29009","Northeastern CDSB","Cath Dist Sch Brd (E/F)",95,100,90,145,430
"2018-2019","B67180","Ottawa CDSB","Cath Dist Sch Brd (E/F)",3245,3480,3285,3925,13930
"2018-2019","B66184","Ottawa-Carleton DSB","Pub Dist Sch Brd (E/F)",5430,5695,5690,8370,25180
"2018-2019","B66125","Peel DSB","Pub Dist Sch Brd (E/F)",10060,10015,9780,12640,42490
"2018-2019","B67067","Peterborough Victoria Northumberland and Clarington CDSB","Cath Dist Sch Brd (E/F)",1160,1165,1095,1290,4710
"2018-2019","B28029","Rainbow DSB","Pub Dist Sch Brd (E/F)",980,985,945,1625,4535
"2018-2019","B28053","Rainy River DSB","Pub Dist Sch Brd (E/F)",240,210,220,255,920
"2018-2019","B67199","Renfrew County CDSB","Cath Dist Sch Brd (E/F)",275,265,275,315,1130
"2018-2019","B66214","Renfrew County DSB","Pub Dist Sch Brd (E/F)",705,705,705,1065,3175
"2018-2019","B66109","Simcoe County DSB","Pub Dist Sch Brd (E/F)",3690,3820,3595,4595,15695
"2018-2019","B67091","Simcoe Muskoka CDSB","Cath Dist Sch Brd (E/F)",1720,1730,1680,1845,6970
"2018-2019","B67040","St Clair CDSB","Cath Dist Sch Brd (E/F)",630,665,590,710,2595
"2018-2019","B29033","Sudbury CDSB","Cath Dist Sch Brd (E/F)",405,415,455,540,1815
"2018-2019","B28070","Superior-Greenstone DSB","Pub Dist Sch Brd (E/F)",170,160,155,190,675
"2018-2019","B66044","Thames Valley DSB","Pub Dist Sch Brd (E/F)",5460,5385,5325,7720,23890
"2018-2019","B29068","Thunder Bay CDSB","Cath Dist Sch Brd (E/F)",510,535,540,610,2195
"2018-2019","B67059","Toronto CDSB","Cath Dist Sch Brd (E/F)",6585,6785,6910,8920,29200
"2018-2019","B66052","Toronto DSB","Pub Dist Sch Brd (E/F)",16345,16460,16935,23170,72910
"2018-2019","B66087","Trillium Lakelands DSB","Pub Dist Sch Brd (E/F)",1320,1320,1245,1800,5685
"2018-2019","B66192","Upper Canada DSB","Pub Dist Sch Brd (E/F)",1940,2010,2015,3215,9175
"2018-2019","B66117","Upper Grand DSB","Pub Dist Sch Brd (E/F)",2575,2640,2555,3740,11515
"2018-2019","B67148","Waterloo CDSB","Cath Dist Sch Brd (E/F)",1650,1650,1650,2000,6955
"2018-2019","B66176","Waterloo Region DSB","Pub Dist Sch Brd (E/F)",4725,4665,4480,6440,20310
"2018-2019","B67130","Wellington CDSB","Cath Dist Sch Brd (E/F)",520,545,560,790,2420
"2018-2019","B67024","Windsor-Essex CDSB","Cath Dist Sch Brd (E/F)",1745,1765,1885,1960,7355
"2018-2019","B67075","York CDSB","Cath Dist Sch Brd (E/F)",4325,4260,4560,4890,18035
"2018-2019","B66095","York Region DSB","Pub Dist Sch Brd (E/F)",9670,9760,10005,11550,40985
"2018-2019","N/A","Provincial Total",NA,146805,147265,146775,190610,631455
"2019-2020","B28010","Algoma DSB","Pub Dist Sch Brd (E/F)",760,760,720,1020,3260
"2019-2020","B67202","Algonquin and Lakeshore CDSB","Cath Dist Sch Brd (E/F)",870,835,990,1235,3930
"2019-2020","B66010","Avon Maitland DSB","Pub Dist Sch Brd (E/F)",1130,1160,1235,1685,5210
"2019-2020","B66001","Bluewater DSB","Pub Dist Sch Brd (E/F)",1080,1035,990,1365,4470
"2019-2020","B67164","Brant Haldimand Norfolk CDSB","Cath Dist Sch Brd (E/F)",865,925,840,1070,3705
"2019-2020","B67008","Bruce-Grey CDSB","Cath Dist Sch Brd (E/F)",375,405,390,490,1660
"2019-2020","B67172","CDSB of Eastern Ontario","Cath Dist Sch Brd (E/F)",980,930,1000,1030,3940
"2019-2020","B66311","CEP de l'Est de l'Ontario","Pub Dist Sch Brd (E/F)",1050,1020,910,1040,4020
"2019-2020","B66303","CS Viamonde","Pub Dist Sch Brd (E/F)",620,570,515,490,2195
"2019-2020","B67318","CS catholique MonAvenir","Cath Dist Sch Brd (E/F)",1080,875,835,765,3555
"2019-2020","B28118","CS public du Grand Nord de l'Ontario","Pub Dist Sch Brd (E/F)",155,160,165,180,660
"2019-2020","B28100","CS public du Nord-Est de l'Ontario","Pub Dist Sch Brd (E/F)",90,80,95,115,380
"2019-2020","B29114","CSDC Franco-Nord","Cath Dist Sch Brd (E/F)",180,195,160,235,770
"2019-2020","B67326","CSDC de l'Est ontarien","Cath Dist Sch Brd (E/F)",675,655,635,660,2625
"2019-2020","B29130","CSDC des Aurores boreales","Cath Dist Sch Brd (E/F)",40,30,35,30,135
"2019-2020","B29106","CSDC des Grandes Rivieres","Cath Dist Sch Brd (E/F)",375,360,380,515,1630
"2019-2020","B67334","CSDC du Centre-Est de l'Ontario","Cath Dist Sch Brd (E/F)",1615,1585,1425,1410,6030
"2019-2020","B29122","CSDC du Nouvel-Ontario","Cath Dist Sch Brd (E/F)",400,440,425,395,1660
"2019-2020","B67300","Conseil scolaire catholique Providence","Cath Dist Sch Brd (E/F)",545,510,470,510,2035
"2019-2020","B66150","DSB Niagara","Pub Dist Sch Brd (E/F)",2755,2900,2855,3545,12055
"2019-2020","B28002","DSB Ontario North East","Pub Dist Sch Brd (E/F)",540,560,560,720,2385
"2019-2020","B67083","Dufferin-Peel CDSB","Cath Dist Sch Brd (E/F)",7400,7765,7440,8270,30870
"2019-2020","B67105","Durham CDSB","Cath Dist Sch Brd (E/F)",1650,1625,1670,1645,6590
"2019-2020","B66060","Durham DSB","Pub Dist Sch Brd (E/F)",5245,5145,5220,5745,21360
"2019-2020","B66168","Grand Erie DSB","Pub Dist Sch Brd (E/F)",1795,1825,1920,2695,8235
"2019-2020","B66028","Greater Essex County DSB","Pub Dist Sch Brd (E/F)",2935,2735,2825,3320,11815
"2019-2020","B67113","Halton CDSB","Cath Dist Sch Brd (E/F)",3310,3330,3210,3420,13270
"2019-2020","B66133","Halton DSB","Pub Dist Sch Brd (E/F)",4615,4675,4705,6080,20075
"2019-2020","B67121","Hamilton-Wentworth CDSB","Cath Dist Sch Brd (E/F)",2435,2495,2405,3715,11050
"2019-2020","B66141","Hamilton-Wentworth DSB","Pub Dist Sch Brd (E/F)",3210,3200,3325,4200,13935
"2019-2020","B66222","Hastings & Prince Edward DSB","Pub Dist Sch Brd (E/F)",1065,1175,1095,1280,4610
"2019-2020","B67016","Huron Perth CDSB","Cath Dist Sch Brd (E/F)",330,345,310,365,1350
"2019-2020","B29025","Huron-Superior CDSB","Cath Dist Sch Brd (E/F)",265,205,240,290,1000
"2019-2020","B15148","James Bay Lowlands SSB","Sec Sch Brd (Sch Auth)",40,40,35,65,180
"2019-2020","B66079","Kawartha Pine Ridge DSB","Pub Dist Sch Brd (E/F)",2205,2185,2160,2960,9510
"2019-2020","B28045","Keewatin-Patricia DSB","Pub Dist Sch Brd (E/F)",435,405,440,615,1890
"2019-2020","B29050","Kenora CDSB","Cath Dist Sch Brd (E/F)",90,90,75,110,365
"2019-2020","B28061","Lakehead DSB","Pub Dist Sch Brd (E/F)",640,605,630,710,2585
"2019-2020","B66036","Lambton Kent DSB","Pub Dist Sch Brd (E/F)",1595,1730,1605,2205,7140
"2019-2020","B66206","Limestone DSB","Pub Dist Sch Brd (E/F)",1365,1395,1435,2255,6445
"2019-2020","B67032","London District Catholic School Board","Cath Dist Sch Brd (E/F)",1780,1695,1705,2085,7265
"2019-2020","B28037","Near North DSB","Pub Dist Sch Brd (E/F)",735,775,750,905,3170
"2019-2020","B67156","Niagara CDSB","Cath Dist Sch Brd (E/F)",1535,1550,1560,1995,6640
"2019-2020","B29017","Nipissing-Parry Sound CDSB","Cath Dist Sch Brd (E/F)",230,205,205,230,865
"2019-2020","B29009","Northeastern CDSB","Cath Dist Sch Brd (E/F)",90,80,100,130,400
"2019-2020","B67180","Ottawa CSB","Cath Dist Sch Brd (E/F)",3330,3495,3470,3935,14230
"2019-2020","B66184","Ottawa-Carleton DSB","Pub Dist Sch Brd (E/F)",5295,5660,5790,8135,24880
"2019-2020","B66125","Peel DSB","Pub Dist Sch Brd (E/F)",10395,10090,10060,12125,42670
"2019-2020","B67067","Peterborough Victoria Northumberland and Clarington CDSB","Cath Dist Sch Brd (E/F)",1140,1145,1150,1205,4645
"2019-2020","B28029","Rainbow DSB","Pub Dist Sch Brd (E/F)",990,1005,1015,1475,4490
"2019-2020","B28053","Rainy River DSB","Pub Dist Sch Brd (E/F)",240,240,200,245,925
"2019-2020","B67199","Renfrew County CDSB","Cath Dist Sch Brd (E/F)",280,270,265,335,1145
"2019-2020","B66214","Renfrew County DSB","Pub Dist Sch Brd (E/F)",650,715,745,960,3070
"2019-2020","B66109","Simcoe County DSB","Pub Dist Sch Brd (E/F)",3775,3810,3840,4345,15765
"2019-2020","B67091","Simcoe Muskoka CDSB","Cath Dist Sch Brd (E/F)",1725,1710,1690,1875,7000
"2019-2020","B67040","St Clair CDSB","Cath Dist Sch Brd (E/F)",630,625,650,750,2660
"2019-2020","B29033","Sudbury CDSB","Cath Dist Sch Brd (E/F)",475,390,415,540,1815
"2019-2020","B28070","Superior-Greenstone DSB","Pub Dist Sch Brd (E/F)",160,160,150,200,670
"2019-2020","B66044","Thames Valley DSB","Pub Dist Sch Brd (E/F)",5360,5540,5450,7605,23955
"2019-2020","B29068","Thunder Bay CDSB","Cath Dist Sch Brd (E/F)",570,515,530,630,2245
"2019-2020","B67059","Toronto CDSB","Cath Dist Sch Brd (E/F)",6570,6685,6815,8445,28515
"2019-2020","B66052","Toronto DSB","Pub Dist Sch Brd (E/F)",16450,16765,16755,22560,72535
"2019-2020","B66087","Trillium Lakelands DSB","Pub Dist Sch Brd (E/F)",1300,1330,1305,1695,5630
"2019-2020","B66192","Upper Canada DSB","Pub Dist Sch Brd (E/F)",1910,2045,2110,2900,8965
"2019-2020","B66117","Upper Grand DSB","Pub Dist Sch Brd (E/F)",2580,2620,2680,3495,11375
"2019-2020","B67148","Waterloo CDSB","Cath Dist Sch Brd (E/F)",1715,1685,1695,2115,7215
"2019-2020","B66176","Waterloo Region DSB","Pub Dist Sch Brd (E/F)",4730,4780,4685,6130,20325
"2019-2020","B67130","Wellington CDSB","Cath Dist Sch Brd (E/F)",540,525,560,745,2370
"2019-2020","B67024","Windsor-Essex CDSB","Cath Dist Sch Brd (E/F)",1910,1755,1725,2245,7640
"2019-2020","B67075","York CDSB","Cath Dist Sch Brd (E/F)",4540,4430,4310,4825,18100
"2019-2020","B66095","York Region DSB","Pub Dist Sch Brd (E/F)",9515,10050,10045,11565,41170
"2019-2020","N/A","Provincial Total",NA,147945,149310,148775,184880,630915
"2020-2021","B28010","Algoma DSB","Pub Dist Sch Brd (E/F)",840,770,750,935,3295
"2020-2021","B67202","Algonquin and Lakeshore CDSB","Cath Dist Sch Brd (E/F)",860,850,1025,1165,3900
"2020-2021","B66010","Avon Maitland DSB","Pub Dist Sch Brd (E/F)",1090,1120,1125,1560,4895
"2020-2021","B66001","Bluewater DSB","Pub Dist Sch Brd (E/F)",1085,1090,1015,1320,4510
"2020-2021","B67164","Brant Haldimand Norfolk CDSB","Cath Dist Sch Brd (E/F)",960,870,910,1065,3805
"2020-2021","B67008","Bruce-Grey CDSB","Cath Dist Sch Brd (E/F)",325,370,400,515,1610
"2020-2021","B67172","CDSB of Eastern Ontario","Cath Dist Sch Brd (E/F)",970,990,915,1060,3935
"2020-2021","B66303","CS Viamonde","Pub Dist Sch Brd (E/F)",665,600,555,550,2365
"2020-2021","B67318","CS catholique MonAvenir","Cath Dist Sch Brd (E/F)",1050,1050,855,855,3810
"2020-2021","B28118","CS public du Grand Nord de l'Ontario","Pub Dist Sch Brd (E/F)",190,145,160,210,710
"2020-2021","B28100","CS public du Nord-Est de l'Ontario","Pub Dist Sch Brd (E/F)",100,90,80,120,390
"2020-2021","B29114","CSDC Franco-Nord","Cath Dist Sch Brd (E/F)",200,175,190,175,745
"2020-2021","B67326","CSDC de l'Est ontarien","Cath Dist Sch Brd (E/F)",690,665,640,655,2645
"2020-2021","B29130","CSDC des Aurores boréales","Cath Dist Sch Brd (E/F)",40,40,30,30,135
"2020-2021","B29106","CSDC des Grandes Rivières","Cath Dist Sch Brd (E/F)",395,370,355,480,1605
"2020-2021","B67334","CSDC du Centre-Est de l'Ontario","Cath Dist Sch Brd (E/F)",1730,1620,1560,1450,6355
"2020-2021","B29122","CSDC du Nouvel-Ontario","Cath Dist Sch Brd (E/F)",425,395,430,425,1675
"2020-2021","B67300","Conseil scolaire catholique Providence","Cath Dist Sch Brd (E/F)",500,540,500,500,2040
"2020-2021","B66311","CÉP de l'Est de l'Ontario","Pub Dist Sch Brd (E/F)",1075,1065,945,1025,4115
"2020-2021","B66150","DSB Niagara","Pub Dist Sch Brd (E/F)",2910,2775,2930,3600,12215
"2020-2021","B28002","DSB Ontario North East","Pub Dist Sch Brd (E/F)",590,555,560,765,2470
"2020-2021","B67083","Dufferin-Peel CDSB","Cath Dist Sch Brd (E/F)",7360,7475,7750,8120,30700
"2020-2021","B67105","Durham CDSB","Cath Dist Sch Brd (E/F)",1515,1655,1605,1720,6495
"2020-2021","B66060","Durham DSB","Pub Dist Sch Brd (E/F)",5390,5300,5235,5870,21790
"2020-2021","B66168","Grand Erie DSB","Pub Dist Sch Brd (E/F)",1765,1795,1820,2710,8090
"2020-2021","B66028","Greater Essex County DSB","Pub Dist Sch Brd (E/F)",2755,2790,2740,3330,11615
"2020-2021","B67113","Halton CDSB","Cath Dist Sch Brd (E/F)",3145,3325,3295,3620,13385
"2020-2021","B66133","Halton DSB","Pub Dist Sch Brd (E/F)",4865,4630,4760,5880,20135
"2020-2021","B67121","Hamilton-Wentworth CDSB","Cath Dist Sch Brd (E/F)",2395,2505,2505,3500,10905
"2020-2021","B66141","Hamilton-Wentworth DSB","Pub Dist Sch Brd (E/F)",3275,3155,3210,4220,13860
"2020-2021","B66222","Hastings & Prince Edward DSB","Pub Dist Sch Brd (E/F)",1070,1070,1130,1165,4435
"2020-2021","B67016","Huron Perth CDSB","Cath Dist Sch Brd (E/F)",370,325,345,365,1410
"2020-2021","B29025","Huron-Superior CDSB","Cath Dist Sch Brd (E/F)",220,190,190,310,915
"2020-2021","B15148","James Bay Lowlands SSB","Sec Sch Brd (Sch Auth)",60,50,45,55,210
"2020-2021","B66079","Kawartha Pine Ridge DSB","Pub Dist Sch Brd (E/F)",2265,2200,2170,2725,9355
"2020-2021","B28045","Keewatin-Patricia DSB","Pub Dist Sch Brd (E/F)",420,435,410,580,1845
"2020-2021","B29050","Kenora CDSB","Cath Dist Sch Brd (E/F)",90,85,85,75,335
"2020-2021","B28061","Lakehead DSB","Pub Dist Sch Brd (E/F)",560,635,595,755,2550
"2020-2021","B66036","Lambton Kent DSB","Pub Dist Sch Brd (E/F)",1630,1630,1700,2120,7085
"2020-2021","B66206","Limestone DSB","Pub Dist Sch Brd (E/F)",1400,1370,1385,2135,6290
"2020-2021","B67032","London District Catholic School Board","Cath Dist Sch Brd (E/F)",1900,1815,1725,2135,7580
"2020-2021","B28037","Near North DSB","Pub Dist Sch Brd (E/F)",685,725,750,915,3075
"2020-2021","B67156","Niagara CDSB","Cath Dist Sch Brd (E/F)",1470,1545,1555,1945,6515
"2020-2021","B29017","Nipissing-Parry Sound CDSB","Cath Dist Sch Brd (E/F)",205,220,210,245,880
"2020-2021","B29009","Northeastern CDSB","Cath Dist Sch Brd (E/F)",90,85,75,130,380
"2020-2021","B67180","Ottawa CSB","Cath Dist Sch Brd (E/F)",3370,3645,3475,4200,14695
"2020-2021","B66184","Ottawa-Carleton DSB","Pub Dist Sch Brd (E/F)",5410,5400,5670,8075,24560
"2020-2021","B66125","Peel DSB","Pub Dist Sch Brd (E/F)",10420,10355,10130,12195,43105
"2020-2021","B67067","Peterborough Victoria Northumberland and Clarington CDSB","Cath Dist Sch Brd (E/F)",1150,1120,1140,1235,4645
"2020-2021","B28029","Rainbow DSB","Pub Dist Sch Brd (E/F)",1015,1005,980,1515,4515
"2020-2021","B28053","Rainy River DSB","Pub Dist Sch Brd (E/F)",245,240,230,225,940
"2020-2021","B67199","Renfrew County CDSB","Cath Dist Sch Brd (E/F)",270,265,260,335,1135
"2020-2021","B66214","Renfrew County DSB","Pub Dist Sch Brd (E/F)",700,660,715,980,3050
"2020-2021","B66109","Simcoe County DSB","Pub Dist Sch Brd (E/F)",3810,3820,3815,4515,15960
"2020-2021","B67091","Simcoe Muskoka CDSB","Cath Dist Sch Brd (E/F)",1755,1730,1700,1825,7015
"2020-2021","B67040","St Clair CDSB","Cath Dist Sch Brd (E/F)",635,625,610,780,2650
"2020-2021","B29033","Sudbury CDSB","Cath Dist Sch Brd (E/F)",490,455,405,500,1845
"2020-2021","B28070","Superior-Greenstone DSB","Pub Dist Sch Brd (E/F)",170,160,160,205,700
"2020-2021","B66044","Thames Valley DSB","Pub Dist Sch Brd (E/F)",5625,5370,5560,7535,24085
"2020-2021","B29068","Thunder Bay CDSB","Cath Dist Sch Brd (E/F)",525,540,495,605,2165
"2020-2021","B67059","Toronto CDSB","Cath Dist Sch Brd (E/F)",6430,6525,6615,8315,27885
"2020-2021","B66052","Toronto DSB","Pub Dist Sch Brd (E/F)",16475,16630,16840,22595,72545
"2020-2021","B66087","Trillium Lakelands DSB","Pub Dist Sch Brd (E/F)",1270,1355,1320,1705,5650
"2020-2021","B66192","Upper Canada DSB","Pub Dist Sch Brd (E/F)",2015,1925,2035,2720,8695
"2020-2021","B66117","Upper Grand DSB","Pub Dist Sch Brd (E/F)",2695,2585,2620,3365,11270
"2020-2021","B67148","Waterloo CDSB","Cath Dist Sch Brd (E/F)",1810,1760,1710,2140,7415
"2020-2021","B66176","Waterloo Region DSB","Pub Dist Sch Brd (E/F)",4845,4755,4825,6145,20570
"2020-2021","B67130","Wellington CDSB","Cath Dist Sch Brd (E/F)",530,560,540,755,2390
"2020-2021","B67024","Windsor-Essex CDSB","Cath Dist Sch Brd (E/F)",1855,1900,1710,2265,7730
"2020-2021","B67075","York CDSB","Cath Dist Sch Brd (E/F)",4710,4595,4450,4480,18235
"2020-2021","B66095","York Region DSB","Pub Dist Sch Brd (E/F)",9450,9665,10165,11445,40725
"2020-2021","N/A","Provincial Total",NA,149295,148790,149390,183745,631220
"2021-2022","B28010","Algoma DSB","Pub Dist Sch Brd (E/F)",905,850,770,1000,3525
"2021-2022","B67202","Algonquin and Lakeshore CDSB","Cath Dist Sch Brd (E/F)",860,885,990,1200,3935
"2021-2022","B66010","Avon Maitland DSB","Pub Dist Sch Brd (E/F)",1165,1105,1160,1465,4895
"2021-2022","B66001","Bluewater DSB","Pub Dist Sch Brd (E/F)",1140,1085,1105,1395,4725
"2021-2022","B67164","Brant Haldimand Norfolk CDSB","Cath Dist Sch Brd (E/F)",950,975,890,1130,3945
"2021-2022","B67008","Bruce-Grey CDSB","Cath Dist Sch Brd (E/F)",405,340,390,565,1700
"2021-2022","B67172","CDSB of Eastern Ontario","Cath Dist Sch Brd (E/F)",985,965,985,1040,3970
"2021-2022","B66303","CS Viamonde","Pub Dist Sch Brd (E/F)",680,645,565,565,2455
"2021-2022","B67318","CS catholique MonAvenir","Cath Dist Sch Brd (E/F)",1090,985,1010,870,3955
"2021-2022","B28118","CS public du Grand Nord de l'Ontario","Pub Dist Sch Brd (E/F)",190,180,145,200,710
"2021-2022","B28100","CS public du Nord-Est de l'Ontario","Pub Dist Sch Brd (E/F)",100,95,85,100,380
"2021-2022","B29114","CSDC Franco-Nord","Cath Dist Sch Brd (E/F)",195,195,170,205,765
"2021-2022","B67326","CSDC de l'Est ontarien","Cath Dist Sch Brd (E/F)",750,670,635,675,2735
"2021-2022","B29130","CSDC des Aurores boréales","Cath Dist Sch Brd (E/F)",35,40,35,25,135
"2021-2022","B29106","CSDC des Grandes Rivières","Cath Dist Sch Brd (E/F)",400,395,360,460,1620
"2021-2022","B67334","CSDC du Centre-Est de l'Ontario","Cath Dist Sch Brd (E/F)",1755,1685,1570,1590,6600
"2021-2022","B29122","CSDC du Nouvel-Ontario","Cath Dist Sch Brd (E/F)",405,405,380,420,1610
"2021-2022","B67300","Conseil scolaire catholique Providence","Cath Dist Sch Brd (E/F)",480,485,520,535,2020
"2021-2022","B66311","CÉP de l'Est de l'Ontario","Pub Dist Sch Brd (E/F)",1120,1110,1100,1035,4365
"2021-2022","B66150","DSB Niagara","Pub Dist Sch Brd (E/F)",3050,2955,2805,3730,12540
"2021-2022","B28002","DSB Ontario North East","Pub Dist Sch Brd (E/F)",615,605,570,765,2560
"2021-2022","B67083","Dufferin-Peel CDSB","Cath Dist Sch Brd (E/F)",7180,7325,7355,8365,30225
"2021-2022","B67105","Durham CDSB","Cath Dist Sch Brd (E/F)",1685,1510,1620,1690,6505
"2021-2022","B66060","Durham DSB","Pub Dist Sch Brd (E/F)",5460,5425,5305,5895,22090
"2021-2022","B66168","Grand Erie DSB","Pub Dist Sch Brd (E/F)",1815,1795,1820,2730,8160
"2021-2022","B66028","Greater Essex County DSB","Pub Dist Sch Brd (E/F)",2960,2640,2775,3285,11665
"2021-2022","B67113","Halton CDSB","Cath Dist Sch Brd (E/F)",3270,3170,3260,3715,13410
"2021-2022","B66133","Halton DSB","Pub Dist Sch Brd (E/F)",5185,4975,4740,5825,20725
"2021-2022","B67121","Hamilton-Wentworth CDSB","Cath Dist Sch Brd (E/F)",2415,2420,2570,3510,10910
"2021-2022","B66141","Hamilton-Wentworth DSB","Pub Dist Sch Brd (E/F)",3435,3280,3170,4410,14290
"2021-2022","B66222","Hastings & Prince Edward DSB","Pub Dist Sch Brd (E/F)",1180,1120,1090,1280,4675
"2021-2022","B67016","Huron Perth CDSB","Cath Dist Sch Brd (E/F)",325,370,320,420,1435
"2021-2022","B29025","Huron-Superior CDSB","Cath Dist Sch Brd (E/F)",255,170,190,245,860
"2021-2022","B15148","James Bay Lowlands SSB","Sec Sch Brd (Sch Auth)",45,55,45,65,210
"2021-2022","B66079","Kawartha Pine Ridge DSB","Pub Dist Sch Brd (E/F)",2475,2340,2265,2840,9920
"2021-2022","B28045","Keewatin-Patricia DSB","Pub Dist Sch Brd (E/F)",445,410,455,590,1895
"2021-2022","B29050","Kenora CDSB","Cath Dist Sch Brd (E/F)",105,90,80,90,370
"2021-2022","B28061","Lakehead DSB","Pub Dist Sch Brd (E/F)",610,580,660,760,2610
"2021-2022","B66036","Lambton Kent DSB","Pub Dist Sch Brd (E/F)",1705,1655,1660,2195,7215
"2021-2022","B66206","Limestone DSB","Pub Dist Sch Brd (E/F)",1525,1450,1410,2125,6515
"2021-2022","B67032","London District Catholic School Board","Cath Dist Sch Brd (E/F)",2035,1925,1890,2160,8015
"2021-2022","B28037","Near North DSB","Pub Dist Sch Brd (E/F)",720,715,755,960,3150
"2021-2022","B67156","Niagara CDSB","Cath Dist Sch Brd (E/F)",1450,1505,1585,1950,6495
"2021-2022","B29017","Nipissing-Parry Sound CDSB","Cath Dist Sch Brd (E/F)",250,205,230,245,930
"2021-2022","B29009","Northeastern CDSB","Cath Dist Sch Brd (E/F)",75,85,75,110,345
"2021-2022","B67180","Ottawa CSB","Cath Dist Sch Brd (E/F)",3460,3615,3585,4215,14870
"2021-2022","B66184","Ottawa-Carleton DSB","Pub Dist Sch Brd (E/F)",5440,5615,5625,8140,24820
"2021-2022","B66125","Peel DSB","Pub Dist Sch Brd (E/F)",10025,10275,10245,12055,42600
"2021-2022","B67067","Peterborough Victoria Northumberland and Clarington CDSB","Cath Dist Sch Brd (E/F)",1075,1160,1130,1225,4590
"2021-2022","B28029","Rainbow DSB","Pub Dist Sch Brd (E/F)",1005,1030,1015,1515,4565
"2021-2022","B28053","Rainy River DSB","Pub Dist Sch Brd (E/F)",215,225,220,265,925
"2021-2022","B67199","Renfrew County CDSB","Cath Dist Sch Brd (E/F)",305,270,270,325,1165
"2021-2022","B66214","Renfrew County DSB","Pub Dist Sch Brd (E/F)",695,710,655,970,3035
"2021-2022","B66109","Simcoe County DSB","Pub Dist Sch Brd (E/F)",4175,3980,3890,4575,16620
"2021-2022","B67091","Simcoe Muskoka CDSB","Cath Dist Sch Brd (E/F)",1590,1685,1700,1810,6785
"2021-2022","B67040","St Clair CDSB","Cath Dist Sch Brd (E/F)",585,630,615,735,2570
"2021-2022","B29033","Sudbury CDSB","Cath Dist Sch Brd (E/F)",520,470,470,485,1945
"2021-2022","B28070","Superior-Greenstone DSB","Pub Dist Sch Brd (E/F)",170,160,155,185,675
"2021-2022","B66044","Thames Valley DSB","Pub Dist Sch Brd (E/F)",5780,5735,5465,7705,24685
"2021-2022","B29068","Thunder Bay CDSB","Cath Dist Sch Brd (E/F)",540,500,520,565,2130
"2021-2022","B67059","Toronto CDSB","Cath Dist Sch Brd (E/F)",6415,6285,6425,7855,26975
"2021-2022","B66052","Toronto DSB","Pub Dist Sch Brd (E/F)",16625,16400,16705,21230,70960
"2021-2022","B66087","Trillium Lakelands DSB","Pub Dist Sch Brd (E/F)",1390,1320,1375,1785,5875
"2021-2022","B66192","Upper Canada DSB","Pub Dist Sch Brd (E/F)",2095,2080,1995,2855,9025
"2021-2022","B66117","Upper Grand DSB","Pub Dist Sch Brd (E/F)",2615,2765,2640,3435,11460
"2021-2022","B67148","Waterloo CDSB","Cath Dist Sch Brd (E/F)",1760,1825,1800,2175,7560
"2021-2022","B66176","Waterloo Region DSB","Pub Dist Sch Brd (E/F)",4975,4865,4770,6125,20740
"2021-2022","B67130","Wellington CDSB","Cath Dist Sch Brd (E/F)",565,540,550,725,2380
"2021-2022","B67024","Windsor-Essex CDSB","Cath Dist Sch Brd (E/F)",1785,1855,1840,2360,7845
"2021-2022","B67075","York CDSB","Cath Dist Sch Brd (E/F)",4620,4660,4540,4595,18415
"2021-2022","B66095","York Region DSB","Pub Dist Sch Brd (E/F)",10150,9685,9820,11505,41160
"2021-2022"," ","Provincial Total",NA,152450,150215,149595,183870,636130
"2022-2023","B28010","Algoma DSB","Pub Dist Sch Brd (E/F)",890,870,865,1005,3630
"2022-2023","B66010","Avon Maitland DSB","Pub Dist Sch Brd (E/F)",1190,1200,1160,1425,4975
"2022-2023","B66001","Bluewater DSB","Pub Dist Sch Brd (E/F)",1230,1145,1110,1475,4955
"2022-2023","B66303","CS Viamonde","Pub Dist Sch Brd (E/F)",680,610,585,565,2440
"2022-2023","B28118","CS public du Grand Nord de l'Ontario","Pub Dist Sch Brd (E/F)",165,175,180,180,705
"2022-2023","B28100","CS public du Nord-Est de l'Ontario","Pub Dist Sch Brd (E/F)",95,100,85,95,375
"2022-2023","B66311","CÉP de l'Est de l'Ontario","Pub Dist Sch Brd (E/F)",1160,1190,1115,1275,4735
"2022-2023","B66150","DSB Niagara","Pub Dist Sch Brd (E/F)",3085,3075,3000,3600,12755
"2022-2023","B28002","DSB Ontario North East","Pub Dist Sch Brd (E/F)",640,630,630,775,2670
"2022-2023","B66060","Durham DSB","Pub Dist Sch Brd (E/F)",5570,5550,5510,5940,22565
"2022-2023","B66168","Grand Erie DSB","Pub Dist Sch Brd (E/F)",2020,1845,1805,2640,8315
"2022-2023","B66028","Greater Essex County DSB","Pub Dist Sch Brd (E/F)",2900,2790,2720,3395,11810
"2022-2023","B66133","Halton DSB","Pub Dist Sch Brd (E/F)",5130,5275,5100,5795,21300
"2022-2023","B66141","Hamilton-Wentworth DSB","Pub Dist Sch Brd (E/F)",3420,3415,3325,4425,14580
"2022-2023","B66222","Hastings & Prince Edward DSB","Pub Dist Sch Brd (E/F)",1190,1180,1100,1175,4640
"2022-2023","B15148","James Bay Lowlands SSB","Sec Sch Brd (Sch Auth)",40,40,50,70,205
"2022-2023","B66079","Kawartha Pine Ridge DSB","Pub Dist Sch Brd (E/F)",2545,2470,2365,2855,10235
"2022-2023","B28045","Keewatin-Patricia DSB","Pub Dist Sch Brd (E/F)",435,430,420,595,1880
"2022-2023","B28061","Lakehead DSB","Pub Dist Sch Brd (E/F)",785,645,590,755,2775
"2022-2023","B66036","Lambton Kent DSB","Pub Dist Sch Brd (E/F)",1745,1740,1720,2150,7360
"2022-2023","B66206","Limestone DSB","Pub Dist Sch Brd (E/F)",1575,1540,1470,2125,6715
"2022-2023","B28037","Near North DSB","Pub Dist Sch Brd (E/F)",760,725,745,900,3130
"2022-2023","B66184","Ottawa-Carleton DSB","Pub Dist Sch Brd (E/F)",5790,5820,5945,8025,25580
"2022-2023","B66125","Peel DSB","Pub Dist Sch Brd (E/F)",10100,10105,10380,12270,42855
"2022-2023","B28029","Rainbow DSB","Pub Dist Sch Brd (E/F)",1120,1035,1055,1595,4810
"2022-2023","B28053","Rainy River DSB","Pub Dist Sch Brd (E/F)",230,210,220,250,905
"2022-2023","B66214","Renfrew County DSB","Pub Dist Sch Brd (E/F)",725,705,720,900,3050
"2022-2023","B66109","Simcoe County DSB","Pub Dist Sch Brd (E/F)",4155,4230,3985,4660,17030
"2022-2023","B28070","Superior-Greenstone DSB","Pub Dist Sch Brd (E/F)",195,165,150,175,680
"2022-2023","B66044","Thames Valley DSB","Pub Dist Sch Brd (E/F)",5840,5845,5820,7555,25060
"2022-2023","B66052","Toronto DSB","Pub Dist Sch Brd (E/F)",16640,17220,16950,21365,72170
"2022-2023","B66087","Trillium Lakelands DSB","Pub Dist Sch Brd (E/F)",1410,1380,1310,1735,5835
"2022-2023","B66192","Upper Canada DSB","Pub Dist Sch Brd (E/F)",2090,2145,2135,2605,8975
"2022-2023","B66117","Upper Grand DSB","Pub Dist Sch Brd (E/F)",2785,2665,2770,3255,11475
"2022-2023","B66176","Waterloo Region DSB","Pub Dist Sch Brd (E/F)",4900,4980,4920,6000,20800
"2022-2023","B66095","York Region DSB","Pub Dist Sch Brd (E/F)",10010,10585,10100,11305,42000
"2022-2023","B67202","Algonquin and Lakeshore CDSB","Cath Dist Sch Brd (E/F)",875,885,975,1265,4000
"2022-2023","B67164","Brant Haldimand Norfolk CDSB","Cath Dist Sch Brd (E/F)",940,975,1000,1145,4060
"2022-2023","B67008","Bruce-Grey CDSB","Cath Dist Sch Brd (E/F)",385,410,350,560,1705
"2022-2023","B67172","CDSB of Eastern Ontario","Cath Dist Sch Brd (E/F)",1025,985,985,1100,4095
"2022-2023","B67318","CS catholique MonAvenir","Cath Dist Sch Brd (E/F)",1140,1040,935,1040,4150
"2022-2023","B29114","CSDC Franco-Nord","Cath Dist Sch Brd (E/F)",200,195,190,205,785
"2022-2023","B67326","CSDC de l'Est ontarien","Cath Dist Sch Brd (E/F)",740,730,675,665,2810
"2022-2023","B29130","CSDC des Aurores boréales","Cath Dist Sch Brd (E/F)",35,30,35,30,130
"2022-2023","B29106","CSDC des Grandes Rivières","Cath Dist Sch Brd (E/F)",375,385,385,445,1595
"2022-2023","B67334","CSDC du Centre-Est de l'Ontario","Cath Dist Sch Brd (E/F)",1800,1735,1665,1585,6785
"2022-2023","B29122","CSDC du Nouvel-Ontario","Cath Dist Sch Brd (E/F)",375,385,390,375,1520
"2022-2023","B67300","Conseil scolaire catholique Providence","Cath Dist Sch Brd (E/F)",475,445,465,540,1925
"2022-2023","B67083","Dufferin-Peel CDSB","Cath Dist Sch Brd (E/F)",7205,7260,7330,7925,29720
"2022-2023","B67105","Durham CDSB","Cath Dist Sch Brd (E/F)",1640,1720,1555,1700,6615
"2022-2023","B67113","Halton CDSB","Cath Dist Sch Brd (E/F)",3210,3300,3170,3765,13440
"2022-2023","B67121","Hamilton-Wentworth CDSB","Cath Dist Sch Brd (E/F)",2480,2445,2450,3695,11075
"2022-2023","B67016","Huron Perth CDSB","Cath Dist Sch Brd (E/F)",320,335,360,390,1405
"2022-2023","B29025","Huron-Superior CDSB","Cath Dist Sch Brd (E/F)",235,190,160,245,835
"2022-2023","B29050","Kenora CDSB","Cath Dist Sch Brd (E/F)",115,100,80,85,385
"2022-2023","B67032","London District Catholic School Board","Cath Dist Sch Brd (E/F)",2175,2140,2000,2345,8655
"2022-2023","B67156","Niagara CDSB","Cath Dist Sch Brd (E/F)",1615,1490,1500,1980,6585
"2022-2023","B29017","Nipissing-Parry Sound CDSB","Cath Dist Sch Brd (E/F)",270,255,215,260,995
"2022-2023","B29009","Northeastern CDSB","Cath Dist Sch Brd (E/F)",110,75,85,110,380
"2022-2023","B67180","Ottawa CSB","Cath Dist Sch Brd (E/F)",3680,3725,3555,4165,15130
"2022-2023","B67067","Peterborough Victoria Northumberland and Clarington CDSB","Cath Dist Sch Brd (E/F)",1170,1110,1165,1215,4660
"2022-2023","B67199","Renfrew County CDSB","Cath Dist Sch Brd (E/F)",290,290,275,320,1175
"2022-2023","B67091","Simcoe Muskoka CDSB","Cath Dist Sch Brd (E/F)",1740,1615,1685,1845,6885
"2022-2023","B67040","St Clair CDSB","Cath Dist Sch Brd (E/F)",610,575,615,770,2570
"2022-2023","B29033","Sudbury CDSB","Cath Dist Sch Brd (E/F)",525,510,475,530,2045
"2022-2023","B29068","Thunder Bay CDSB","Cath Dist Sch Brd (E/F)",520,530,485,600,2135
"2022-2023","B67059","Toronto CDSB","Cath Dist Sch Brd (E/F)",6265,6450,6270,7660,26645
"2022-2023","B67148","Waterloo CDSB","Cath Dist Sch Brd (E/F)",1795,1855,1855,2230,7735
"2022-2023","B67130","Wellington CDSB","Cath Dist Sch Brd (E/F)",570,550,540,700,2360
"2022-2023","B67024","Windsor-Essex CDSB","Cath Dist Sch Brd (E/F)",1980,1855,1865,2600,8305
"2022-2023","B67075","York CDSB","Cath Dist Sch Brd (E/F)",4615,4700,4635,4700,18655
"2022-2023","N/A","Provincial Total",NA,154750,155005,152480,183705,645945
"2023-2024","B28010","Algoma DSB","Pub Dist Sch Brd (E/F)",875,895,880,1095,3740
"2023-2024","B66010","Avon Maitland DSB","Pub Dist Sch Brd (E/F)",1195,1235,1205,1430,5065
"2023-2024","B66001","Bluewater DSB","Pub Dist Sch Brd (E/F)",1200,1210,1120,1520,5050
"2023-2024","B66303","CS Viamonde","Pub Dist Sch Brd (E/F)",715,635,560,585,2495
"2023-2024","B28118","CS public du Grand Nord de l'Ontario","Pub Dist Sch Brd (E/F)",155,165,170,195,690
"2023-2024","B28100","CS public du Nord-Est de l'Ontario","Pub Dist Sch Brd (E/F)",85,85,105,105,380
"2023-2024","B66311","CÉP de l'Est de l'Ontario","Pub Dist Sch Brd (E/F)",1095,1150,1135,1475,4850
"2023-2024","B66150","DSB Niagara","Pub Dist Sch Brd (E/F)",3315,3170,3165,3755,13405
"2023-2024","B28002","DSB Ontario North East","Pub Dist Sch Brd (E/F)",645,645,630,865,2780
"2023-2024","B66060","Durham DSB","Pub Dist Sch Brd (E/F)",5855,5670,5680,6235,23440
"2023-2024","B66168","Grand Erie DSB","Pub Dist Sch Brd (E/F)",1985,2040,1845,2625,8495
"2023-2024","B66028","Greater Essex County DSB","Pub Dist Sch Brd (E/F)",2920,2665,2840,3300,11725
"2023-2024","B66133","Halton DSB","Pub Dist Sch Brd (E/F)",4925,5140,5390,6100,21555
"2023-2024","B66141","Hamilton-Wentworth DSB","Pub Dist Sch Brd (E/F)",3380,3475,3450,4595,14900
"2023-2024","B66222","Hastings & Prince Edward DSB","Pub Dist Sch Brd (E/F)",1160,1210,1170,1190,4725
"2023-2024","B15148","James Bay Lowlands SSB","Sec Sch Brd (Sch Auth)",40,40,40,85,205
"2023-2024","B66079","Kawartha Pine Ridge DSB","Pub Dist Sch Brd (E/F)",2460,2475,2450,3030,10410
"2023-2024","B28045","Keewatin-Patricia DSB","Pub Dist Sch Brd (E/F)",475,470,440,585,1970
"2023-2024","B28061","Lakehead DSB","Pub Dist Sch Brd (E/F)",675,665,650,700,2695
"2023-2024","B66036","Lambton Kent DSB","Pub Dist Sch Brd (E/F)",1650,1775,1745,2225,7395
"2023-2024","B66206","Limestone DSB","Pub Dist Sch Brd (E/F)",1530,1600,1560,2205,6895
"2023-2024","B28037","Near North DSB","Pub Dist Sch Brd (E/F)",725,750,760,920,3155
"2023-2024","B66184","Ottawa-Carleton DSB","Pub Dist Sch Brd (E/F)",5760,6070,6065,8450,26345
"2023-2024","B66125","Peel DSB","Pub Dist Sch Brd (E/F)",9390,10230,10220,12550,42385
"2023-2024","B28029","Rainbow DSB","Pub Dist Sch Brd (E/F)",1130,1135,1060,1655,4985
"2023-2024","B28053","Rainy River DSB","Pub Dist Sch Brd (E/F)",225,220,205,235,880
"2023-2024","B66214","Renfrew County DSB","Pub Dist Sch Brd (E/F)",730,740,725,1005,3200
"2023-2024","B66109","Simcoe County DSB","Pub Dist Sch Brd (E/F)",4215,4160,4260,4595,17230
"2023-2024","B28070","Superior-Greenstone DSB","Pub Dist Sch Brd (E/F)",185,185,160,180,710
"2023-2024","B66044","Thames Valley DSB","Pub Dist Sch Brd (E/F)",5780,5870,5885,7940,25475
"2023-2024","B66052","Toronto DSB","Pub Dist Sch Brd (E/F)",16530,17310,17880,22190,73910
"2023-2024","B66087","Trillium Lakelands DSB","Pub Dist Sch Brd (E/F)",1435,1445,1370,1665,5915
"2023-2024","B66192","Upper Canada DSB","Pub Dist Sch Brd (E/F)",2175,2180,2205,2660,9220
"2023-2024","B66117","Upper Grand DSB","Pub Dist Sch Brd (E/F)",2770,2780,2675,3445,11675
"2023-2024","B66176","Waterloo Region DSB","Pub Dist Sch Brd (E/F)",4900,4990,5010,6195,21095
"2023-2024","B66095","York Region DSB","Pub Dist Sch Brd (E/F)",10175,10600,11080,11775,43625
"2023-2024","B67202","Algonquin and Lakeshore CDSB","Cath Dist Sch Brd (E/F)",860,920,1005,1315,4100
"2023-2024","B67164","Brant Haldimand Norfolk CDSB","Cath Dist Sch Brd (E/F)",1030,985,985,1280,4285
"2023-2024","B67008","Bruce-Grey CDSB","Cath Dist Sch Brd (E/F)",400,375,440,500,1710
"2023-2024","B67172","CDSB of Eastern Ontario","Cath Dist Sch Brd (E/F)",995,1030,985,1030,4045
"2023-2024","B67318","CS catholique MonAvenir","Cath Dist Sch Brd (E/F)",1030,1115,1010,970,4125
"2023-2024","B29114","CSDC Franco-Nord","Cath Dist Sch Brd (E/F)",200,200,180,205,790
"2023-2024","B67326","CSDC de l'Est ontarien","Cath Dist Sch Brd (E/F)",780,730,730,685,2925
"2023-2024","B29130","CSDC des Aurores boréales","Cath Dist Sch Brd (E/F)",35,30,30,30,130
"2023-2024","B29106","CSDC des Grandes Rivières","Cath Dist Sch Brd (E/F)",425,375,375,490,1665
"2023-2024","B67334","CSDC du Centre-Est de l'Ontario","Cath Dist Sch Brd (E/F)",1855,1795,1715,1700,7065
"2023-2024","B29122","CSDC du Nouvel-Ontario","Cath Dist Sch Brd (E/F)",365,365,375,400,1505
"2023-2024","B67300","Conseil scolaire catholique Providence","Cath Dist Sch Brd (E/F)",460,455,430,530,1875
"2023-2024","B67083","Dufferin-Peel CDSB","Cath Dist Sch Brd (E/F)",7275,7365,7325,7975,29940
"2023-2024","B67105","Durham CDSB","Cath Dist Sch Brd (E/F)",1815,1670,1730,1640,6865
"2023-2024","B67113","Halton CDSB","Cath Dist Sch Brd (E/F)",3580,3380,3380,3755,14090
"2023-2024","B67121","Hamilton-Wentworth CDSB","Cath Dist Sch Brd (E/F)",2600,2525,2495,3715,11335
"2023-2024","B67016","Huron Perth CDSB","Cath Dist Sch Brd (E/F)",290,315,315,425,1345
"2023-2024","B29025","Huron-Superior CDSB","Cath Dist Sch Brd (E/F)",290,165,195,215,865
"2023-2024","B29050","Kenora CDSB","Cath Dist Sch Brd (E/F)",90,105,90,85,370
"2023-2024","B67032","London District Catholic School Board","Cath Dist Sch Brd (E/F)",2365,2295,2190,2440,9290
"2023-2024","B67156","Niagara CDSB","Cath Dist Sch Brd (E/F)",1625,1660,1535,1940,6755
"2023-2024","B29017","Nipissing-Parry Sound CDSB","Cath Dist Sch Brd (E/F)",315,285,255,275,1130
"2023-2024","B29009","Northeastern CDSB","Cath Dist Sch Brd (E/F)",100,110,75,100,385
"2023-2024","B67180","Ottawa CSB","Cath Dist Sch Brd (E/F)",3905,4030,3740,4245,15920
"2023-2024","B67067","Peterborough Victoria Northumberland and Clarington CDSB","Cath Dist Sch Brd (E/F)",1190,1195,1095,1270,4745
"2023-2024","B67199","Renfrew County CDSB","Cath Dist Sch Brd (E/F)",295,290,290,340,1205
"2023-2024","B67091","Simcoe Muskoka CDSB","Cath Dist Sch Brd (E/F)",1945,1805,1645,1850,7245
"2023-2024","B67040","St Clair CDSB","Cath Dist Sch Brd (E/F)",715,620,570,765,2670
"2023-2024","B29033","Sudbury CDSB","Cath Dist Sch Brd (E/F)",540,530,505,535,2110
"2023-2024","B29068","Thunder Bay CDSB","Cath Dist Sch Brd (E/F)",510,505,490,570,2075
"2023-2024","B67059","Toronto CDSB","Cath Dist Sch Brd (E/F)",6600,6395,6665,7680,27335
"2023-2024","B67148","Waterloo CDSB","Cath Dist Sch Brd (E/F)",1930,1855,1915,2295,7995
"2023-2024","B67130","Wellington CDSB","Cath Dist Sch Brd (E/F)",580,580,575,745,2485
"2023-2024","B67024","Windsor-Essex CDSB","Cath Dist Sch Brd (E/F)",1985,2055,1895,2880,8815
"2023-2024","B67075","York CDSB","Cath Dist Sch Brd (E/F)",4790,4705,4690,4795,18980
"2023-2024","N/A","Provincial Total",NA,156230,157895,157710,189015,660845
"2024-2025","B28010","Algoma DSB","Pub Dist Sch Brd (E/F)",875,860,900,1085,3720
"2024-2025","B66010","Avon Maitland DSB","Pub Dist Sch Brd (E/F)",1160,1240,1255,1405,5060
"2024-2025","B66001","Bluewater DSB","Pub Dist Sch Brd (E/F)",1285,1210,1230,1455,5180
"2024-2025","B66303","CS Viamonde","Pub Dist Sch Brd (E/F)",725,645,630,590,2595
"2024-2025","B28118","CS public du Grand Nord de l'Ontario","Pub Dist Sch Brd (E/F)",160,165,165,195,685
"2024-2025","B28100","CS public du Nord-Est de l'Ontario","Pub Dist Sch Brd (E/F)",95,85,90,110,380
"2024-2025","B66311","CÉP de l'Est de l'Ontario","Pub Dist Sch Brd (E/F)",1220,1120,1175,1605,5120
"2024-2025","B66150","DSB Niagara","Pub Dist Sch Brd (E/F)",3085,3380,3180,3900,13545
"2024-2025","B28002","DSB Ontario North East","Pub Dist Sch Brd (E/F)",690,650,655,855,2850
"2024-2025","B66060","Durham DSB","Pub Dist Sch Brd (E/F)",5800,5925,5690,6535,23955
"2024-2025","B66168","Grand Erie DSB","Pub Dist Sch Brd (E/F)",1935,2020,2060,2685,8700
"2024-2025","B66028","Greater Essex County DSB","Pub Dist Sch Brd (E/F)",2815,2670,2695,3450,11625
"2024-2025","B66133","Halton DSB","Pub Dist Sch Brd (E/F)",4445,4985,5245,6455,21135
"2024-2025","B66141","Hamilton-Wentworth DSB","Pub Dist Sch Brd (E/F)",3205,3415,3505,4600,14735
"2024-2025","B66222","Hastings & Prince Edward DSB","Pub Dist Sch Brd (E/F)",1170,1165,1200,1220,4755
"2024-2025","B15148","James Bay Lowlands SSB","Sec Sch Brd (Sch Auth)",40,40,40,65,185
"2024-2025","B66079","Kawartha Pine Ridge DSB","Pub Dist Sch Brd (E/F)",2285,2430,2455,3090,10265
"2024-2025","B28045","Keewatin-Patricia DSB","Pub Dist Sch Brd (E/F)",435,475,455,585,1950
"2024-2025","B28061","Lakehead DSB","Pub Dist Sch Brd (E/F)",645,695,665,750,2755
"2024-2025","B66036","Lambton Kent DSB","Pub Dist Sch Brd (E/F)",1605,1685,1805,2265,7360
"2024-2025","B66206","Limestone DSB","Pub Dist Sch Brd (E/F)",1535,1580,1620,2200,6930
"2024-2025","B28037","Near North DSB","Pub Dist Sch Brd (E/F)",715,725,755,900,3100
"2024-2025","B66184","Ottawa-Carleton DSB","Pub Dist Sch Brd (E/F)",5715,5995,6285,8735,26730
"2024-2025","B66125","Peel DSB","Pub Dist Sch Brd (E/F)",9325,9580,10545,12460,41905
"2024-2025","B28029","Rainbow DSB","Pub Dist Sch Brd (E/F)",1080,1145,1165,1650,5040
"2024-2025","B28053","Rainy River DSB","Pub Dist Sch Brd (E/F)",235,215,200,255,910
"2024-2025","B66214","Renfrew County DSB","Pub Dist Sch Brd (E/F)",765,735,730,1025,3255
"2024-2025","B66109","Simcoe County DSB","Pub Dist Sch Brd (E/F)",4075,4260,4160,4945,17440
"2024-2025","B28070","Superior-Greenstone DSB","Pub Dist Sch Brd (E/F)",190,175,185,185,735
"2024-2025","B66044","Thames Valley DSB","Pub Dist Sch Brd (E/F)",5635,5835,5855,7985,25315
"2024-2025","B66052","Toronto DSB","Pub Dist Sch Brd (E/F)",16460,17080,17895,23530,74960
"2024-2025","B66087","Trillium Lakelands DSB","Pub Dist Sch Brd (E/F)",1450,1435,1435,1735,6050
"2024-2025","B66192","Upper Canada DSB","Pub Dist Sch Brd (E/F)",2115,2215,2220,2710,9255
"2024-2025","B66117","Upper Grand DSB","Pub Dist Sch Brd (E/F)",2670,2775,2800,3270,11515
"2024-2025","B66176","Waterloo Region DSB","Pub Dist Sch Brd (E/F)",4800,4935,5025,6275,21040
"2024-2025","B66095","York Region DSB","Pub Dist Sch Brd (E/F)",9925,10620,10880,12855,44280
"2024-2025","B67202","Algonquin and Lakeshore CDSB","Cath Dist Sch Brd (E/F)",945,905,1145,1240,4235
"2024-2025","B67164","Brant Haldimand Norfolk CDSB","Cath Dist Sch Brd (E/F)",1105,1045,960,1275,4385
"2024-2025","B67008","Bruce-Grey CDSB","Cath Dist Sch Brd (E/F)",420,405,385,595,1805
"2024-2025","B67172","CDSB of Eastern Ontario","Cath Dist Sch Brd (E/F)",1000,1020,1050,1030,4105
"2024-2025","B67318","CS catholique MonAvenir","Cath Dist Sch Brd (E/F)",1090,1025,1080,1045,4245
"2024-2025","B29114","CSDC Franco-Nord","Cath Dist Sch Brd (E/F)",230,200,200,210,840
"2024-2025","B67326","CSDC de l'Est ontarien","Cath Dist Sch Brd (E/F)",780,770,720,755,3030
"2024-2025","B29130","CSDC des Aurores boréales","Cath Dist Sch Brd (E/F)",40,35,30,35,140
"2024-2025","B29106","CSDC des Grandes Rivières","Cath Dist Sch Brd (E/F)",365,405,365,470,1600
"2024-2025","B67334","CSDC du Centre-Est de l'Ontario","Cath Dist Sch Brd (E/F)",1930,1885,1820,1800,7440
"2024-2025","B29122","CSDC du Nouvel-Ontario","Cath Dist Sch Brd (E/F)",365,350,350,365,1430
"2024-2025","B67300","Conseil scolaire catholique Providence","Cath Dist Sch Brd (E/F)",435,450,445,480,1810
"2024-2025","B67083","Dufferin-Peel CDSB","Cath Dist Sch Brd (E/F)",7385,7385,7445,7980,30195
"2024-2025","B67105","Durham CDSB","Cath Dist Sch Brd (E/F)",1860,1845,1700,1785,7190
"2024-2025","B67113","Halton CDSB","Cath Dist Sch Brd (E/F)",3785,3640,3415,3830,14665
"2024-2025","B67121","Hamilton-Wentworth CDSB","Cath Dist Sch Brd (E/F)",2715,2625,2580,3510,11430
"2024-2025","B67016","Huron Perth CDSB","Cath Dist Sch Brd (E/F)",310,290,295,390,1280
"2024-2025","B29025","Huron-Superior CDSB","Cath Dist Sch Brd (E/F)",305,230,160,245,940
"2024-2025","B29050","Kenora CDSB","Cath Dist Sch Brd (E/F)",90,75,105,95,365
"2024-2025","B67032","London District Catholic School Board","Cath Dist Sch Brd (E/F)",2430,2395,2365,2600,9785
"2024-2025","B67156","Niagara CDSB","Cath Dist Sch Brd (E/F)",1740,1685,1755,1985,7165
"2024-2025","B29017","Nipissing-Parry Sound CDSB","Cath Dist Sch Brd (E/F)",245,335,280,300,1160
"2024-2025","B29009","Northeastern CDSB","Cath Dist Sch Brd (E/F)",60,105,100,110,370
"2024-2025","B67180","Ottawa CSB","Cath Dist Sch Brd (E/F)",4260,4150,3955,4335,16700
"2024-2025","B67067","Peterborough Victoria Northumberland and Clarington CDSB","Cath Dist Sch Brd (E/F)",1405,1220,1205,1200,5030
"2024-2025","B67199","Renfrew County CDSB","Cath Dist Sch Brd (E/F)",295,275,290,345,1205
"2024-2025","B67091","Simcoe Muskoka CDSB","Cath Dist Sch Brd (E/F)",2045,1980,1860,1795,7680
"2024-2025","B67040","St Clair CDSB","Cath Dist Sch Brd (E/F)",765,720,600,730,2815
"2024-2025","B29033","Sudbury CDSB","Cath Dist Sch Brd (E/F)",540,535,525,585,2185
"2024-2025","B29068","Thunder Bay CDSB","Cath Dist Sch Brd (E/F)",505,495,480,595,2075
"2024-2025","B67059","Toronto CDSB","Cath Dist Sch Brd (E/F)",6815,6735,6535,8135,28215
"2024-2025","B67148","Waterloo CDSB","Cath Dist Sch Brd (E/F)",2030,2010,1915,2360,8310
"2024-2025","B67130","Wellington CDSB","Cath Dist Sch Brd (E/F)",555,605,610,730,2500
"2024-2025","B67024","Windsor-Essex CDSB","Cath Dist Sch Brd (E/F)",2110,2045,2050,3005,9210
"2024-2025","B67075","York CDSB","Cath Dist Sch Brd (E/F)",4805,4845,4735,4875,19265
"2024-2025","N/A","Provincial Total",NA,156120,158880,160350,194445,669795
